cam_id,date,dayUrl,nightUrl,,installation date not matched,,,,folder name,,,dayObjectKey,nightObjectKey
030,6/21/2026 11:11,https://rasta-vehicle-counter.s3.us-east-1.amazonaws.com/vehicle-counter-unprocessed-video/27%20june/030/f00039.mp4?X-Amz-Algorithm=AWS4-HMAC-SHA256&X-Amz-Content-Sha256=UNSIGNED-PAYLOAD&X-Amz-Credential=ASIA47CRV2VXDR6MB7ZO%2F20260727%2Fus-east-1%2Fs3%2Faws4_request&X-Amz-Date=20260727T114828Z&X-Amz-Expires=300&X-Amz-Security-Token=IQoJb3JpZ2luX2VjEIT%2F%2F%2F%2F%2F%2F%2F%2F%2F%2FwEaCXVzLWVhc3QtMSJGMEQCIGd7MfV9SXy9mcaUbohSLi0BxoHt%2BHU6za66NIqrk6TWAiAtHB5Txl7jg8%2FKLs8cFdvesM3QYYrO5sHFeJTomV%2BUFyraAghNEAAaDDg5MTM3NzAxNDEyNiIMvM5pE99KQtB28rwOKrcC%2BE0xLAL4d5nhe9rps27kLmme5ogzbd4eqDZZ3eOzYjYnNzvbE%2F%2BH9txhw5oak31dTxR%2FY%2FIPgjY%2FNKBzxgmWL03M1kR%2F6%2BXs26rHN9dW%2BU7nXLz44lC%2FmiW4pLnMUgtynMdTAlxjOs1Vxpy%2FB%2Bcii4D52kz%2F9oYRRkmGGwNwx4bcjVLPSba4DP5ej2Y7scKhLktwt2Ana%2BaPmVbjttgvR5wVfAmKVsb2tljO2FgYQ5hqqRe9uku9As66Oi6caiP1quaE750iC7NeQQkK5TeNR2oV2CGp%2Bk1tyXwInYsaERV1EwOQRLOMk8uZvzDiA4vCbgR7rnUPDLQvbV2ZT2Ciz%2FkeWsX1fj4IxazgjucswJSUFYrq9rQeurSmE7xPaYIzdMCUDbFVRaz1UpCMwbAgn7VW9UCYu1Iwue6c0wY6rgLKuY27sRyVTgYzf98l2FTlgYyN2WruflYWWyo6p5cd0uO6BaBHYI24dcmICDNp25PS%2BpbVlutP6b2HkfTvAb9GdieKH5XW0VdIWA2P6lWSVY42R6ZgdwZq15akWap86ttJNbMh4DdwkL5MJ9Cgz0dDcizDe1KRefy%2FxbNU%2FAi6c9GVXpL7B94Fk9m1uxveU0Ifh64cNvkoryvxBF6PmhBP4hwsHRiC4O6UUEoezyhoDx1Mtal%2BV7POzWDM1TdbpuQ1OnpiEHAYlOsv%2BoMJeft4dpDRpX%2FlNxiUZWO1NmoqeQ3cfbjb0zZ28do7NLx4sTEHFppggyOoPUdnkcGph8Ge5JWiw4oiL4TvnDOzTF979qOlnSXzeNFTppTNiIsY95m4lUaxvjy9pfRz0hXEYQ%3D%3D&X-Amz-Signature=3e6da0235c96532240fc0fdeabef754f11628a78d81b63cf52b98d589c6719c5&X-Amz-SignedHeaders=host&response-content-disposition=inline,https://rasta-vehicle-counter.s3.us-east-1.amazonaws.com/vehicle-counter-unprocessed-video/27%20june/030/f00006.mp4?X-Amz-Algorithm=AWS4-HMAC-SHA256&X-Amz-Content-Sha256=UNSIGNED-PAYLOAD&X-Amz-Credential=ASIA47CRV2VXDR6MB7ZO%2F20260727%2Fus-east-1%2Fs3%2Faws4_request&X-Amz-Date=20260727T114802Z&X-Amz-Expires=300&X-Amz-Security-Token=IQoJb3JpZ2luX2VjEIT%2F%2F%2F%2F%2F%2F%2F%2F%2F%2FwEaCXVzLWVhc3QtMSJGMEQCIGd7MfV9SXy9mcaUbohSLi0BxoHt%2BHU6za66NIqrk6TWAiAtHB5Txl7jg8%2FKLs8cFdvesM3QYYrO5sHFeJTomV%2BUFyraAghNEAAaDDg5MTM3NzAxNDEyNiIMvM5pE99KQtB28rwOKrcC%2BE0xLAL4d5nhe9rps27kLmme5ogzbd4eqDZZ3eOzYjYnNzvbE%2F%2BH9txhw5oak31dTxR%2FY%2FIPgjY%2FNKBzxgmWL03M1kR%2F6%2BXs26rHN9dW%2BU7nXLz44lC%2FmiW4pLnMUgtynMdTAlxjOs1Vxpy%2FB%2Bcii4D52kz%2F9oYRRkmGGwNwx4bcjVLPSba4DP5ej2Y7scKhLktwt2Ana%2BaPmVbjttgvR5wVfAmKVsb2tljO2FgYQ5hqqRe9uku9As66Oi6caiP1quaE750iC7NeQQkK5TeNR2oV2CGp%2Bk1tyXwInYsaERV1EwOQRLOMk8uZvzDiA4vCbgR7rnUPDLQvbV2ZT2Ciz%2FkeWsX1fj4IxazgjucswJSUFYrq9rQeurSmE7xPaYIzdMCUDbFVRaz1UpCMwbAgn7VW9UCYu1Iwue6c0wY6rgLKuY27sRyVTgYzf98l2FTlgYyN2WruflYWWyo6p5cd0uO6BaBHYI24dcmICDNp25PS%2BpbVlutP6b2HkfTvAb9GdieKH5XW0VdIWA2P6lWSVY42R6ZgdwZq15akWap86ttJNbMh4DdwkL5MJ9Cgz0dDcizDe1KRefy%2FxbNU%2FAi6c9GVXpL7B94Fk9m1uxveU0Ifh64cNvkoryvxBF6PmhBP4hwsHRiC4O6UUEoezyhoDx1Mtal%2BV7POzWDM1TdbpuQ1OnpiEHAYlOsv%2BoMJeft4dpDRpX%2FlNxiUZWO1NmoqeQ3cfbjb0zZ28do7NLx4sTEHFppggyOoPUdnkcGph8Ge5JWiw4oiL4TvnDOzTF979qOlnSXzeNFTppTNiIsY95m4lUaxvjy9pfRz0hXEYQ%3D%3D&X-Amz-Signature=db78a4374233d2d12af22af91daf88cd5d94093dc0d431033b6372ceadc2df11&X-Amz-SignedHeaders=host&response-content-disposition=inline,,,,,,27-Jun,,,vehicle-counter-unprocessed-video/27 june/030/f00206.mp4,vehicle-counter-unprocessed-video/27 june/030/f00002.mp4
031,6/18/2026 11:11,https://rasta-vehicle-counter.s3.us-east-1.amazonaws.com/vehicle-counter-unprocessed-video/27%20june/031/f00070.mp4?X-Amz-Algorithm=AWS4-HMAC-SHA256&X-Amz-Content-Sha256=UNSIGNED-PAYLOAD&X-Amz-Credential=ASIA47CRV2VXNXU6BP5Z%2F20260727%2Fus-east-1%2Fs3%2Faws4_request&X-Amz-Date=20260727T115309Z&X-Amz-Expires=300&X-Amz-Security-Token=IQoJb3JpZ2luX2VjEIT%2F%2F%2F%2F%2F%2F%2F%2F%2F%2FwEaCXVzLWVhc3QtMSJHMEUCIQCn9nYERNtm5ppC7ZYsZBUKkaxWBhd0JOsIzbxA9RPZBwIgFkfj6rrvUiCeZsLAgB3dFz8nH55btcGvZgdxTCbmHSoq2gIITRAAGgw4OTEzNzcwMTQxMjYiDNw1anKJPBuZSo96Ayq3Ag9M6wkowA3WUmfB%2FBiYzl%2FRZID9rlEfirZkokZzNptezLhE94FjjYReBjarCE6WfWQbJ1J5S3cD%2B%2B6rVVknEEVHLFxpMMzi18P%2FIy02MzWSG69VQDIUA2Z9EVU%2BV60oV8G%2FaBCevP%2BEnipz2rXLIqOr%2Bj%2FiIpy46pYiN%2FjKmFqvwIDrti4WpZY0PhEGeCtuupPtLqn0KtIAZ7wk4lt4eaKVqZnN5JuCa0FkhKjm8dm07DoWehsRs3cxe%2BG6hlIX5n5YRPieyc7N9EKeHckoz5TnwHJid9jLzB3hduoUaPuKTQ52dPlqJHraCykUbcMv3sGgWOvRvEIBgYyoQwVRW36ALZmgFxg2xaTdLXP5aJcTrKRZzShGKYzpkVHIpneytPyYeYkvO9VNKpzX6WE13dWhNAt3p3yqMLnunNMGOq0CrqLxzE8aPmHcIWCXF9Re1V1d0mqRaBlWfoJtF8ARhTOADB8AiJzxU6OG8rxRLqvTBzwJGEqwlk0Gtn2npd2BYsOP20v5Wxm9jT31cjDXHe8%2FJo%2Fd3YF0DVkSZGSdQy1RXMJTFeY1ggrVVziYtvwawHFUoHtTWqntPzRTuxP7cUR7LJcVd5tLGpMSoyAXr74lzzuDr6mVEgWyXs8XSZRwXV7yVI3gw%2BkwNsSp5AhY975FQX1qMIyxvCfCxNgqJOlT28Pypb37ZL3M%2BJOnYWC9Mpxwysne8LALouTJaOh6Ff0pVTfHsVE1UWk9VLx5ipzxgP3or37dg8eSeKdEOdirOk6Ii%2FBhWvPT0I8Cm4xYBqGF9sIgy0PANde11gO%2Bn8zXBZU%2BXzArF6w0CPz30Q%3D%3D&X-Amz-Signature=a308cc88d88fd503f31512177441ee27bf428807ad01cfe829db1285d75c6613&X-Amz-SignedHeaders=host&response-content-disposition=inline,https://rasta-vehicle-counter.s3.us-east-1.amazonaws.com/vehicle-counter-unprocessed-video/27%20june/031/f00003.mp4?X-Amz-Algorithm=AWS4-HMAC-SHA256&X-Amz-Content-Sha256=UNSIGNED-PAYLOAD&X-Amz-Credential=ASIA47CRV2VXDR6MB7ZO%2F20260727%2Fus-east-1%2Fs3%2Faws4_request&X-Amz-Date=20260727T115231Z&X-Amz-Expires=300&X-Amz-Security-Token=IQoJb3JpZ2luX2VjEIT%2F%2F%2F%2F%2F%2F%2F%2F%2F%2FwEaCXVzLWVhc3QtMSJGMEQCIGd7MfV9SXy9mcaUbohSLi0BxoHt%2BHU6za66NIqrk6TWAiAtHB5Txl7jg8%2FKLs8cFdvesM3QYYrO5sHFeJTomV%2BUFyraAghNEAAaDDg5MTM3NzAxNDEyNiIMvM5pE99KQtB28rwOKrcC%2BE0xLAL4d5nhe9rps27kLmme5ogzbd4eqDZZ3eOzYjYnNzvbE%2F%2BH9txhw5oak31dTxR%2FY%2FIPgjY%2FNKBzxgmWL03M1kR%2F6%2BXs26rHN9dW%2BU7nXLz44lC%2FmiW4pLnMUgtynMdTAlxjOs1Vxpy%2FB%2Bcii4D52kz%2F9oYRRkmGGwNwx4bcjVLPSba4DP5ej2Y7scKhLktwt2Ana%2BaPmVbjttgvR5wVfAmKVsb2tljO2FgYQ5hqqRe9uku9As66Oi6caiP1quaE750iC7NeQQkK5TeNR2oV2CGp%2Bk1tyXwInYsaERV1EwOQRLOMk8uZvzDiA4vCbgR7rnUPDLQvbV2ZT2Ciz%2FkeWsX1fj4IxazgjucswJSUFYrq9rQeurSmE7xPaYIzdMCUDbFVRaz1UpCMwbAgn7VW9UCYu1Iwue6c0wY6rgLKuY27sRyVTgYzf98l2FTlgYyN2WruflYWWyo6p5cd0uO6BaBHYI24dcmICDNp25PS%2BpbVlutP6b2HkfTvAb9GdieKH5XW0VdIWA2P6lWSVY42R6ZgdwZq15akWap86ttJNbMh4DdwkL5MJ9Cgz0dDcizDe1KRefy%2FxbNU%2FAi6c9GVXpL7B94Fk9m1uxveU0Ifh64cNvkoryvxBF6PmhBP4hwsHRiC4O6UUEoezyhoDx1Mtal%2BV7POzWDM1TdbpuQ1OnpiEHAYlOsv%2BoMJeft4dpDRpX%2FlNxiUZWO1NmoqeQ3cfbjb0zZ28do7NLx4sTEHFppggyOoPUdnkcGph8Ge5JWiw4oiL4TvnDOzTF979qOlnSXzeNFTppTNiIsY95m4lUaxvjy9pfRz0hXEYQ%3D%3D&X-Amz-Signature=907b93fbc031b06a677135233e0abc6c2f46c055684546c2455dc9cbf896f2cb&X-Amz-SignedHeaders=host&response-content-disposition=inline,,,,,,,,,vehicle-counter-unprocessed-video/27 june/031/f00151.mp4,vehicle-counter-unprocessed-video/27 june/031/f00189.mp4
035,6/19/2026 11:11,https://rasta-vehicle-counter.s3.us-east-1.amazonaws.com/vehicle-counter-unprocessed-video/27%20june/035/f00056.mp4?X-Amz-Algorithm=AWS4-HMAC-SHA256&X-Amz-Content-Sha256=UNSIGNED-PAYLOAD&X-Amz-Credential=ASIA47CRV2VXNXU6BP5Z%2F20260727%2Fus-east-1%2Fs3%2Faws4_request&X-Amz-Date=20260727T120048Z&X-Amz-Expires=300&X-Amz-Security-Token=IQoJb3JpZ2luX2VjEIT%2F%2F%2F%2F%2F%2F%2F%2F%2F%2FwEaCXVzLWVhc3QtMSJHMEUCIQCn9nYERNtm5ppC7ZYsZBUKkaxWBhd0JOsIzbxA9RPZBwIgFkfj6rrvUiCeZsLAgB3dFz8nH55btcGvZgdxTCbmHSoq2gIITRAAGgw4OTEzNzcwMTQxMjYiDNw1anKJPBuZSo96Ayq3Ag9M6wkowA3WUmfB%2FBiYzl%2FRZID9rlEfirZkokZzNptezLhE94FjjYReBjarCE6WfWQbJ1J5S3cD%2B%2B6rVVknEEVHLFxpMMzi18P%2FIy02MzWSG69VQDIUA2Z9EVU%2BV60oV8G%2FaBCevP%2BEnipz2rXLIqOr%2Bj%2FiIpy46pYiN%2FjKmFqvwIDrti4WpZY0PhEGeCtuupPtLqn0KtIAZ7wk4lt4eaKVqZnN5JuCa0FkhKjm8dm07DoWehsRs3cxe%2BG6hlIX5n5YRPieyc7N9EKeHckoz5TnwHJid9jLzB3hduoUaPuKTQ52dPlqJHraCykUbcMv3sGgWOvRvEIBgYyoQwVRW36ALZmgFxg2xaTdLXP5aJcTrKRZzShGKYzpkVHIpneytPyYeYkvO9VNKpzX6WE13dWhNAt3p3yqMLnunNMGOq0CrqLxzE8aPmHcIWCXF9Re1V1d0mqRaBlWfoJtF8ARhTOADB8AiJzxU6OG8rxRLqvTBzwJGEqwlk0Gtn2npd2BYsOP20v5Wxm9jT31cjDXHe8%2FJo%2Fd3YF0DVkSZGSdQy1RXMJTFeY1ggrVVziYtvwawHFUoHtTWqntPzRTuxP7cUR7LJcVd5tLGpMSoyAXr74lzzuDr6mVEgWyXs8XSZRwXV7yVI3gw%2BkwNsSp5AhY975FQX1qMIyxvCfCxNgqJOlT28Pypb37ZL3M%2BJOnYWC9Mpxwysne8LALouTJaOh6Ff0pVTfHsVE1UWk9VLx5ipzxgP3or37dg8eSeKdEOdirOk6Ii%2FBhWvPT0I8Cm4xYBqGF9sIgy0PANde11gO%2Bn8zXBZU%2BXzArF6w0CPz30Q%3D%3D&X-Amz-Signature=dd762b28d8ca56cbec739d2eece915e22813846671dba4d4e6c2438a341936fe&X-Amz-SignedHeaders=host&response-content-disposition=inline,https://rasta-vehicle-counter.s3.us-east-1.amazonaws.com/vehicle-counter-unprocessed-video/27%20june/035/f00002.mp4?X-Amz-Algorithm=AWS4-HMAC-SHA256&X-Amz-Content-Sha256=UNSIGNED-PAYLOAD&X-Amz-Credential=ASIA47CRV2VXNXU6BP5Z%2F20260727%2Fus-east-1%2Fs3%2Faws4_request&X-Amz-Date=20260727T115559Z&X-Amz-Expires=300&X-Amz-Security-Token=IQoJb3JpZ2luX2VjEIT%2F%2F%2F%2F%2F%2F%2F%2F%2F%2FwEaCXVzLWVhc3QtMSJHMEUCIQCn9nYERNtm5ppC7ZYsZBUKkaxWBhd0JOsIzbxA9RPZBwIgFkfj6rrvUiCeZsLAgB3dFz8nH55btcGvZgdxTCbmHSoq2gIITRAAGgw4OTEzNzcwMTQxMjYiDNw1anKJPBuZSo96Ayq3Ag9M6wkowA3WUmfB%2FBiYzl%2FRZID9rlEfirZkokZzNptezLhE94FjjYReBjarCE6WfWQbJ1J5S3cD%2B%2B6rVVknEEVHLFxpMMzi18P%2FIy02MzWSG69VQDIUA2Z9EVU%2BV60oV8G%2FaBCevP%2BEnipz2rXLIqOr%2Bj%2FiIpy46pYiN%2FjKmFqvwIDrti4WpZY0PhEGeCtuupPtLqn0KtIAZ7wk4lt4eaKVqZnN5JuCa0FkhKjm8dm07DoWehsRs3cxe%2BG6hlIX5n5YRPieyc7N9EKeHckoz5TnwHJid9jLzB3hduoUaPuKTQ52dPlqJHraCykUbcMv3sGgWOvRvEIBgYyoQwVRW36ALZmgFxg2xaTdLXP5aJcTrKRZzShGKYzpkVHIpneytPyYeYkvO9VNKpzX6WE13dWhNAt3p3yqMLnunNMGOq0CrqLxzE8aPmHcIWCXF9Re1V1d0mqRaBlWfoJtF8ARhTOADB8AiJzxU6OG8rxRLqvTBzwJGEqwlk0Gtn2npd2BYsOP20v5Wxm9jT31cjDXHe8%2FJo%2Fd3YF0DVkSZGSdQy1RXMJTFeY1ggrVVziYtvwawHFUoHtTWqntPzRTuxP7cUR7LJcVd5tLGpMSoyAXr74lzzuDr6mVEgWyXs8XSZRwXV7yVI3gw%2BkwNsSp5AhY975FQX1qMIyxvCfCxNgqJOlT28Pypb37ZL3M%2BJOnYWC9Mpxwysne8LALouTJaOh6Ff0pVTfHsVE1UWk9VLx5ipzxgP3or37dg8eSeKdEOdirOk6Ii%2FBhWvPT0I8Cm4xYBqGF9sIgy0PANde11gO%2Bn8zXBZU%2BXzArF6w0CPz30Q%3D%3D&X-Amz-Signature=a7eca0ffc0c3f72bbe30f50f9b63cef4cb29e972c8c5aca4d32c3e4d06408dfb&X-Amz-SignedHeaders=host&response-content-disposition=inline,,,,,,,,,vehicle-counter-unprocessed-video/27 june/035/f00002.mp4,vehicle-counter-unprocessed-video/27 june/035/f00005.mp4
037,6/18/2026 11:11,https://rasta-vehicle-counter.s3.us-east-1.amazonaws.com/vehicle-counter-unprocessed-video/27%20june/037/f00078.mp4?X-Amz-Algorithm=AWS4-HMAC-SHA256&X-Amz-Content-Sha256=UNSIGNED-PAYLOAD&X-Amz-Credential=ASIA47CRV2VXHJRYZODO%2F20260727%2Fus-east-1%2Fs3%2Faws4_request&X-Amz-Date=20260727T122352Z&X-Amz-Expires=300&X-Amz-Security-Token=IQoJb3JpZ2luX2VjEIX%2F%2F%2F%2F%2F%2F%2F%2F%2F%2FwEaCXVzLWVhc3QtMSJHMEUCIEFN9%2FmGuSutam6s74REulmSi%2BVMEU3x4pn%2BJqUug%2F%2ByAiEA9mEOfB77eGaweT1RYjD9Uz3HzIUo5Cri1iRsZAC6enEq2gIITRAAGgw4OTEzNzcwMTQxMjYiDN%2F5CFpmgB2TDCLqcCq3AhrcjVj2e%2Bj0pvanh8ijC7bMzxdEOApUETl355MLB52zC2G2GC73MIx%2FURIdDi3rLlk%2BLR8WN%2BNkDbPDGrxND%2BSnu%2FLiKj0f5LEVIBef4%2BO3ASAVGtF5XJCcrcjNGIs3IcEpLkURrHBkY%2FJUelVvAEutHRPYZ84YcYADJzuT7CJmeb7SjTi%2BrNmeyhEJTs%2Bs9RLXdldN9CHeC3x9FX3cZNzWlV7yY1e8rZ9Q2%2FSiHyolB4l8hr%2B4GBi5YOYj%2FdO496xUy1RjmsvX7JstY1g7K2z2hHndxx2rhios7CbfMaK8P9RCZE2rxA7qgguF73ZKlgVYNDcof5vcL8oOJXfpKH0h122VRBpo3vV6comwo3HoFUr4RBS3dngzZ9Rckho4k2%2B5OwLHzPrn93eJ7npEpRRJLgO3EHisMLnunNMGOq0Cj8Oz0ywNshAPTeEi2mwhkFxvGxcMvPCyaQk3IcSfE1%2BdvKOiP%2F0hLqqnA6hior9s1YXlgXdTa78FSxyUJpIHe3LWPIagGfYiHmm2bGmiY0iEYpZfXwLuaf2Ta07r0FA2wLICU0eWuGvjNrLFSVKqfVXEwbjlay7wRS%2FPhMWPcAVSwyKZPm73l%2BHh1hfUUcvwVKwgX36weh5rJJqra8%2FLEW7swhKPSxu%2Bhg7nlN5kCog%2BqLEAPOGKHpeikVk6q%2BgUpXgH84WgoU96Nk2%2FQs46rAIzUpLxVC0AyXS%2FC72uPtENXhHPDfkS%2Flk0JZvn7n5c3Nf906bqxKzkDAS5YPWM2qyBtI2jROFOVBpyXTEFkXjMKc%2Ffc54dvVzyXjJV4%2BBwLz3D9iDo8YDTeb970g%3D%3D&X-Amz-Signature=c90fee7fa8fb344ca3e16e959fe85c5300c7e56d99d2a80d1faa506d59a407f5&X-Amz-SignedHeaders=host&response-content-disposition=inline,https://us-east-1.console.aws.amazon.com/s3/object/rasta-vehicle-counter?region=us-east-1&prefix=vehicle-counter-unprocessed-video/27+june/037/f00002.mp4,,,,,,,,,vehicle-counter-unprocessed-video/27 june/037/f00257.mp4,vehicle-counter-unprocessed-video/27 june/037/f00002.mp4
039,6/19/2026 11:11,https://rasta-vehicle-counter.s3.us-east-1.amazonaws.com/vehicle-counter-unprocessed-video/27%20june/039/f00005.mp4?X-Amz-Algorithm=AWS4-HMAC-SHA256&X-Amz-Content-Sha256=UNSIGNED-PAYLOAD&X-Amz-Credential=ASIA47CRV2VXHJRYZODO%2F20260727%2Fus-east-1%2Fs3%2Faws4_request&X-Amz-Date=20260727T122637Z&X-Amz-Expires=300&X-Amz-Security-Token=IQoJb3JpZ2luX2VjEIX%2F%2F%2F%2F%2F%2F%2F%2F%2F%2FwEaCXVzLWVhc3QtMSJHMEUCIEFN9%2FmGuSutam6s74REulmSi%2BVMEU3x4pn%2BJqUug%2F%2ByAiEA9mEOfB77eGaweT1RYjD9Uz3HzIUo5Cri1iRsZAC6enEq2gIITRAAGgw4OTEzNzcwMTQxMjYiDN%2F5CFpmgB2TDCLqcCq3AhrcjVj2e%2Bj0pvanh8ijC7bMzxdEOApUETl355MLB52zC2G2GC73MIx%2FURIdDi3rLlk%2BLR8WN%2BNkDbPDGrxND%2BSnu%2FLiKj0f5LEVIBef4%2BO3ASAVGtF5XJCcrcjNGIs3IcEpLkURrHBkY%2FJUelVvAEutHRPYZ84YcYADJzuT7CJmeb7SjTi%2BrNmeyhEJTs%2Bs9RLXdldN9CHeC3x9FX3cZNzWlV7yY1e8rZ9Q2%2FSiHyolB4l8hr%2B4GBi5YOYj%2FdO496xUy1RjmsvX7JstY1g7K2z2hHndxx2rhios7CbfMaK8P9RCZE2rxA7qgguF73ZKlgVYNDcof5vcL8oOJXfpKH0h122VRBpo3vV6comwo3HoFUr4RBS3dngzZ9Rckho4k2%2B5OwLHzPrn93eJ7npEpRRJLgO3EHisMLnunNMGOq0Cj8Oz0ywNshAPTeEi2mwhkFxvGxcMvPCyaQk3IcSfE1%2BdvKOiP%2F0hLqqnA6hior9s1YXlgXdTa78FSxyUJpIHe3LWPIagGfYiHmm2bGmiY0iEYpZfXwLuaf2Ta07r0FA2wLICU0eWuGvjNrLFSVKqfVXEwbjlay7wRS%2FPhMWPcAVSwyKZPm73l%2BHh1hfUUcvwVKwgX36weh5rJJqra8%2FLEW7swhKPSxu%2Bhg7nlN5kCog%2BqLEAPOGKHpeikVk6q%2BgUpXgH84WgoU96Nk2%2FQs46rAIzUpLxVC0AyXS%2FC72uPtENXhHPDfkS%2Flk0JZvn7n5c3Nf906bqxKzkDAS5YPWM2qyBtI2jROFOVBpyXTEFkXjMKc%2Ffc54dvVzyXjJV4%2BBwLz3D9iDo8YDTeb970g%3D%3D&X-Amz-Signature=2e5a123af11b5d8a8f4497a4fdbec359ece0d8ba34acfe02df009efd2a9d25ca&X-Amz-SignedHeaders=host&response-content-disposition=inline,https://rasta-vehicle-counter.s3.us-east-1.amazonaws.com/vehicle-counter-unprocessed-video/27%20june/039/f00076.mp4?X-Amz-Algorithm=AWS4-HMAC-SHA256&X-Amz-Content-Sha256=UNSIGNED-PAYLOAD&X-Amz-Credential=ASIA47CRV2VXHJRYZODO%2F20260727%2Fus-east-1%2Fs3%2Faws4_request&X-Amz-Date=20260727T122926Z&X-Amz-Expires=300&X-Amz-Security-Token=IQoJb3JpZ2luX2VjEIX%2F%2F%2F%2F%2F%2F%2F%2F%2F%2FwEaCXVzLWVhc3QtMSJHMEUCIEFN9%2FmGuSutam6s74REulmSi%2BVMEU3x4pn%2BJqUug%2F%2ByAiEA9mEOfB77eGaweT1RYjD9Uz3HzIUo5Cri1iRsZAC6enEq2gIITRAAGgw4OTEzNzcwMTQxMjYiDN%2F5CFpmgB2TDCLqcCq3AhrcjVj2e%2Bj0pvanh8ijC7bMzxdEOApUETl355MLB52zC2G2GC73MIx%2FURIdDi3rLlk%2BLR8WN%2BNkDbPDGrxND%2BSnu%2FLiKj0f5LEVIBef4%2BO3ASAVGtF5XJCcrcjNGIs3IcEpLkURrHBkY%2FJUelVvAEutHRPYZ84YcYADJzuT7CJmeb7SjTi%2BrNmeyhEJTs%2Bs9RLXdldN9CHeC3x9FX3cZNzWlV7yY1e8rZ9Q2%2FSiHyolB4l8hr%2B4GBi5YOYj%2FdO496xUy1RjmsvX7JstY1g7K2z2hHndxx2rhios7CbfMaK8P9RCZE2rxA7qgguF73ZKlgVYNDcof5vcL8oOJXfpKH0h122VRBpo3vV6comwo3HoFUr4RBS3dngzZ9Rckho4k2%2B5OwLHzPrn93eJ7npEpRRJLgO3EHisMLnunNMGOq0Cj8Oz0ywNshAPTeEi2mwhkFxvGxcMvPCyaQk3IcSfE1%2BdvKOiP%2F0hLqqnA6hior9s1YXlgXdTa78FSxyUJpIHe3LWPIagGfYiHmm2bGmiY0iEYpZfXwLuaf2Ta07r0FA2wLICU0eWuGvjNrLFSVKqfVXEwbjlay7wRS%2FPhMWPcAVSwyKZPm73l%2BHh1hfUUcvwVKwgX36weh5rJJqra8%2FLEW7swhKPSxu%2Bhg7nlN5kCog%2BqLEAPOGKHpeikVk6q%2BgUpXgH84WgoU96Nk2%2FQs46rAIzUpLxVC0AyXS%2FC72uPtENXhHPDfkS%2Flk0JZvn7n5c3Nf906bqxKzkDAS5YPWM2qyBtI2jROFOVBpyXTEFkXjMKc%2Ffc54dvVzyXjJV4%2BBwLz3D9iDo8YDTeb970g%3D%3D&X-Amz-Signature=e8f3938d42d5f0e8564f3dc16ee4fef51893d2a48630ad56dfc2bf14ecf0e79a&X-Amz-SignedHeaders=host&response-content-disposition=inline,,,,,,,,,vehicle-counter-unprocessed-video/27 june/039/f00005.mp4,vehicle-counter-unprocessed-video/27 june/039/f00107.mp4
040,6/19/2026 11:11,https://rasta-vehicle-counter.s3.us-east-1.amazonaws.com/vehicle-counter-unprocessed-video/27%20june/040/f00005.mp4?X-Amz-Algorithm=AWS4-HMAC-SHA256&X-Amz-Content-Sha256=UNSIGNED-PAYLOAD&X-Amz-Credential=ASIA47CRV2VXH4M556ON%2F20260727%2Fus-east-1%2Fs3%2Faws4_request&X-Amz-Date=20260727T123505Z&X-Amz-Expires=300&X-Amz-Security-Token=IQoJb3JpZ2luX2VjEIX%2F%2F%2F%2F%2F%2F%2F%2F%2F%2FwEaCXVzLWVhc3QtMSJIMEYCIQDwm4HR0F5NTo47K8lrrlQPSS%2BYeTokHSEaZ5pmvspyLgIhAMC8217xkKXoiJn%2FHJ%2F1ftTIVmW%2FHxBNrqReMLQ%2FmQXjKtoCCE4QABoMODkxMzc3MDE0MTI2Igwy%2BiBC%2Fn%2B3iNUsYXMqtwIhjDKQ3qCZxhrVg4cS6IqxbnDZGiz9nLxGAj9s6dIlTS9Gy2QtfBkphcbWR%2BSZccSm6vatIo%2FM0iYWwX9J5Y8riNkNZ5kvhi11g3rO3c1dFkXBak6hR%2BoYpRmsrHGCTbU9Cd%2BmJ6bSHjx3G2MM75wNKYGlWYhG7KqjX4CW6IiIyPVbzhO%2F44iKnxOIJzXeoAedtBFvfENzPikk8lHQCh63YYDiZmAf1cMwo9FvncK4fTGGXqbHtxG2aTVuu5hHx4boJJ41M2g%2B2Oal8fVqviaTXR697ZK5fT7xFrnGxp0kWJP%2FGHfpQd25H0jL38mBlTwGFoPvvxqEZ7KcpF%2FRV2jKock08kbzRK1xP9jjwCX3ZASA4U7fnV6Dd8v6raapriO9zLBzcQE2dzRCHYLuFshoiDnfnO1kvDC57pzTBjqsAnyLAaYkyfCzaH%2BDwv0qwoDPyt8So9Qqa%2BTzJU7mZlyVjR025KPJ9qVDqgPKGdfdDY6m3F6R%2Bhv0mD58la8bX2a51w8PWAu3ts4cQPHFS9u2TNtEoObW8k6adCcHEDLgeZxyFHAqawkJ2%2FT7ym4DvuOcuehWrDHyXXlM05nZfTBKhM0qtxQl4P%2B0lkjxZSNcxj8VulE%2BxOjavwTufu1y8ysXfOB4DAaBY%2BbUadZUS87a4nGxhC%2F4kEodknQotQUYa%2BsdIg%2B7Dr3m%2BOa5NK9uIW6qXVUyT%2Fj1thq2jiVWsZFsyzCgXb3DPFWQVVfkKRFNaDQ0Ew%2B1Uxva%2BVCDfIighmV2A75%2Fhnw%2FqQXEX%2FK9P8yL0uZcoFlsrPqVTpurCaernbm9RCIyBuHXPX41lw%3D%3D&X-Amz-Signature=cb386aeb13e81bb2840d5c5a343ed1c84695a20c99161a224a9319ab1b7e8ded&X-Amz-SignedHeaders=host&response-content-disposition=inline,https://rasta-vehicle-counter.s3.us-east-1.amazonaws.com/vehicle-counter-unprocessed-video/27%20june/040/f00196.mp4?X-Amz-Algorithm=AWS4-HMAC-SHA256&X-Amz-Content-Sha256=UNSIGNED-PAYLOAD&X-Amz-Credential=ASIA47CRV2VXH4M556ON%2F20260727%2Fus-east-1%2Fs3%2Faws4_request&X-Amz-Date=20260727T123757Z&X-Amz-Expires=300&X-Amz-Security-Token=IQoJb3JpZ2luX2VjEIX%2F%2F%2F%2F%2F%2F%2F%2F%2F%2FwEaCXVzLWVhc3QtMSJIMEYCIQDwm4HR0F5NTo47K8lrrlQPSS%2BYeTokHSEaZ5pmvspyLgIhAMC8217xkKXoiJn%2FHJ%2F1ftTIVmW%2FHxBNrqReMLQ%2FmQXjKtoCCE4QABoMODkxMzc3MDE0MTI2Igwy%2BiBC%2Fn%2B3iNUsYXMqtwIhjDKQ3qCZxhrVg4cS6IqxbnDZGiz9nLxGAj9s6dIlTS9Gy2QtfBkphcbWR%2BSZccSm6vatIo%2FM0iYWwX9J5Y8riNkNZ5kvhi11g3rO3c1dFkXBak6hR%2BoYpRmsrHGCTbU9Cd%2BmJ6bSHjx3G2MM75wNKYGlWYhG7KqjX4CW6IiIyPVbzhO%2F44iKnxOIJzXeoAedtBFvfENzPikk8lHQCh63YYDiZmAf1cMwo9FvncK4fTGGXqbHtxG2aTVuu5hHx4boJJ41M2g%2B2Oal8fVqviaTXR697ZK5fT7xFrnGxp0kWJP%2FGHfpQd25H0jL38mBlTwGFoPvvxqEZ7KcpF%2FRV2jKock08kbzRK1xP9jjwCX3ZASA4U7fnV6Dd8v6raapriO9zLBzcQE2dzRCHYLuFshoiDnfnO1kvDC57pzTBjqsAnyLAaYkyfCzaH%2BDwv0qwoDPyt8So9Qqa%2BTzJU7mZlyVjR025KPJ9qVDqgPKGdfdDY6m3F6R%2Bhv0mD58la8bX2a51w8PWAu3ts4cQPHFS9u2TNtEoObW8k6adCcHEDLgeZxyFHAqawkJ2%2FT7ym4DvuOcuehWrDHyXXlM05nZfTBKhM0qtxQl4P%2B0lkjxZSNcxj8VulE%2BxOjavwTufu1y8ysXfOB4DAaBY%2BbUadZUS87a4nGxhC%2F4kEodknQotQUYa%2BsdIg%2B7Dr3m%2BOa5NK9uIW6qXVUyT%2Fj1thq2jiVWsZFsyzCgXb3DPFWQVVfkKRFNaDQ0Ew%2B1Uxva%2BVCDfIighmV2A75%2Fhnw%2FqQXEX%2FK9P8yL0uZcoFlsrPqVTpurCaernbm9RCIyBuHXPX41lw%3D%3D&X-Amz-Signature=df410c66f7d7a13c049b38ad0fe8fdde8ec952b14b74375ba4d49c1a874d5003&X-Amz-SignedHeaders=host&response-content-disposition=inline,,,,,,,,,vehicle-counter-unprocessed-video/27 june/040/f00005.mp4,vehicle-counter-unprocessed-video/27 june/040/f00199.mp4
047,,https://rasta-vehicle-counter.s3.us-east-1.amazonaws.com/vehicle-counter-unprocessed-video/27%20june/047/f00126.mp4?X-Amz-Algorithm=AWS4-HMAC-SHA256&X-Amz-Content-Sha256=UNSIGNED-PAYLOAD&X-Amz-Credential=ASIA47CRV2VXCY32XXKJ%2F20260727%2Fus-east-1%2Fs3%2Faws4_request&X-Amz-Date=20260727T130147Z&X-Amz-Expires=300&X-Amz-Security-Token=IQoJb3JpZ2luX2VjEIX%2F%2F%2F%2F%2F%2F%2F%2F%2F%2FwEaCXVzLWVhc3QtMSJHMEUCIG7FJ0P1zoe0DfV%2F3B8ELEjUj2DmG4oK1YB4KXQ9EcHbAiEApWMEAxYuD%2BHaCeBmU7s3Tl3ZDueOX%2Fi1OXi1pBkDq3Uq2gIIThAAGgw4OTEzNzcwMTQxMjYiDKP7w96aqbHMsXVBWSq3AkuQGY%2FyT3%2FDwJTDknyhKoBIaAbpnJoaaiqTs4jbo9Ad%2FrjOwkuM6A71CVtxkRaJ%2B2ctOMHHjGV%2BqYJvbJSQafY%2Bl3%2FPVNHiJPblKx%2BKIVilV0T1w50H%2Fc71QysPp6tKOLwBLGZlUEzJ7%2FaQMSJg39agssYWJHdCK16CYoJp6fzNe8E4Mgskrmma47oAmr9%2BMv5GtuPk11w0b7rPFSHEng%2BZgJrp0SuUBWe4v1kgeAlhGiBNFhrn9aLr18lfsK9qaJLngMrtr5HnIfuQ0lbl2tYDDsZk09gvaCMlH62n506w4qBon33CGVXR4h2olq5qVT4apCWRIw4Rt13WNlqhIs9jz%2B3fd5vDiv2qQpd48YSjEkkG30eRfUWmwPX94ovyOHj%2F3gRxmtH1NvGFn%2B1G64xu82jxXGc%2FMLnunNMGOq0C%2Brt8nWl4bhq55lfp7eARC2x1fkBwyOd%2BcXNCUouGVPRFxTCmKjD3xOfTxP3t5tAXgiKSuTMICPnrIpijpfEDSdTxp4N5ulA60syJqpFRG69IZIv0m1VwMZjRkb201ztdc%2FZ43OJahyhqF%2FIB4MasvQ8N2eHIspxYldbzzMrsMGOIDLvb8u%2FD9GLFssjFNjdYLeqDtpNWPyUjjKNl0kBrvlvJca%2B3kWp%2BkxWvPg0hFA3zJfa%2BLHpLEAxc3b6x1LzqHz7GsNd%2BleOZvm71FtLIT0nijjMCLaIL18BW5pz7ig5TNu%2Fc1eaJFLgLPvVsA3lWzsUYN8M%2BaTpbNNF2heXEiGrFwdX7pKW7cQGn0phKtlq%2B6CidqtgSa7VXqm0ZIyh8TzDZKj3OAlIoA3q6Mg%3D%3D&X-Amz-Signature=6fe4b2daddd5135c57790d98fcdc177c74e6760e812c0821956a815efecce288&X-Amz-SignedHeaders=host&response-content-disposition=inline,https://rasta-vehicle-counter.s3.us-east-1.amazonaws.com/vehicle-counter-unprocessed-video/27%20june/047/f00006.mp4?X-Amz-Algorithm=AWS4-HMAC-SHA256&X-Amz-Content-Sha256=UNSIGNED-PAYLOAD&X-Amz-Credential=ASIA47CRV2VXGR5DAP2A%2F20260727%2Fus-east-1%2Fs3%2Faws4_request&X-Amz-Date=20260727T125847Z&X-Amz-Expires=300&X-Amz-Security-Token=IQoJb3JpZ2luX2VjEIX%2F%2F%2F%2F%2F%2F%2F%2F%2F%2FwEaCXVzLWVhc3QtMSJIMEYCIQDVCWfqWr1sGvcKcrm%2BgJbVqe%2FPYfW%2FEupKgk3GpPF2IwIhANDJafTdTH7rKqDtU%2FwqVRCAS6S6y1d09TceUwLbWlhnKtoCCE4QABoMODkxMzc3MDE0MTI2IgzpCVFZh0rDj9Esh5sqtwJkJx6u1Ozn0YVZ8Yn%2FCS%2FKAKfpLfeonxfyJloXY3xiT1UmLh64vgsA%2Br4EfUH9ldworACw9dXTPJrU2Vv%2BQrbX6SeCosfcD%2FwqXc7vMe0HBbo6caKpBHzVAfJXg8TUkiKGlmMywoFJLhHR9z6PxwkQy3u7Lf2KTIrlNgRLTTA4lUM9jssWC9Sn0AKNyoSbMOFPxhnv1PKgvLV4PJKhqAKknbQp%2FelUxsYuo1JZFSkEpZ%2BMs126ydrt%2BW%2F45Ulp9sxpKz5xBi0KXf%2Fl5g3e5%2FdsF7qzmvo3W17bgi7MAc76GL2%2BuAtSCh%2BcgQBI%2Fgx%2FOEVzKQwFvNyMaalLIIehDIt9WrVEZkaE2yX2%2BPjTEtjoGETqR2LLOTVdf8ZAULsL6J4mFfp5gQZ6z4SP52wMbDSMLNUa48beNjC57pzTBjqsAsqkYt6QA0U6U9EguG49CpwcDEBuOQZ90o3XFwYjhSavwu3mbNwhR7bs%2BS5LHrfock4jRpGPvvrvvugzGQj9AtvppyytaDfAPWYdN9THRQCwhmUOCbO3eWS5yWdJ4AFQ7NKJ%2BNz4Tc5LMMhTYutNTupBgRZjmDO0UjGaYeKTv1%2BDjbizqSNe3j9aUt%2FcDiUhNl5N8JR7Xqtq0dcKw6vTnwGJoLdLD%2Br3xxEDPH5%2BNqgr0dJT7vG6J52mAH5BC63GlvfKUlUtmiUKf7ovfiV%2FHgJSjsN%2Fq4AsOYsJBfjeGadp6VvsVzb64FvtYGJ9MZEoSm6SDCXyPwwIpfp8Ofh09420MuduQjMG94zIzlaXsbTJY7NLssP6sO96S1%2BwmLt6NwmIFRTesFu4L1VBKg%3D%3D&X-Amz-Signature=9147714b27a5ce6458a1fb0d890e0777984f8503d7a9acefe9cbc10284872cd5&X-Amz-SignedHeaders=host&response-content-disposition=inline,,yes,,,,,,,vehicle-counter-unprocessed-video/27 june/047/f00173.mp4,vehicle-counter-unprocessed-video/27 june/047/f00004.mp4
051,6/20/2026 11:11,https://rasta-vehicle-counter.s3.us-east-1.amazonaws.com/vehicle-counter-unprocessed-video/27%20june/051/f00004.mp4?X-Amz-Algorithm=AWS4-HMAC-SHA256&X-Amz-Content-Sha256=UNSIGNED-PAYLOAD&X-Amz-Credential=ASIA47CRV2VXCY32XXKJ%2F20260727%2Fus-east-1%2Fs3%2Faws4_request&X-Amz-Date=20260727T130246Z&X-Amz-Expires=300&X-Amz-Security-Token=IQoJb3JpZ2luX2VjEIX%2F%2F%2F%2F%2F%2F%2F%2F%2F%2FwEaCXVzLWVhc3QtMSJHMEUCIG7FJ0P1zoe0DfV%2F3B8ELEjUj2DmG4oK1YB4KXQ9EcHbAiEApWMEAxYuD%2BHaCeBmU7s3Tl3ZDueOX%2Fi1OXi1pBkDq3Uq2gIIThAAGgw4OTEzNzcwMTQxMjYiDKP7w96aqbHMsXVBWSq3AkuQGY%2FyT3%2FDwJTDknyhKoBIaAbpnJoaaiqTs4jbo9Ad%2FrjOwkuM6A71CVtxkRaJ%2B2ctOMHHjGV%2BqYJvbJSQafY%2Bl3%2FPVNHiJPblKx%2BKIVilV0T1w50H%2Fc71QysPp6tKOLwBLGZlUEzJ7%2FaQMSJg39agssYWJHdCK16CYoJp6fzNe8E4Mgskrmma47oAmr9%2BMv5GtuPk11w0b7rPFSHEng%2BZgJrp0SuUBWe4v1kgeAlhGiBNFhrn9aLr18lfsK9qaJLngMrtr5HnIfuQ0lbl2tYDDsZk09gvaCMlH62n506w4qBon33CGVXR4h2olq5qVT4apCWRIw4Rt13WNlqhIs9jz%2B3fd5vDiv2qQpd48YSjEkkG30eRfUWmwPX94ovyOHj%2F3gRxmtH1NvGFn%2B1G64xu82jxXGc%2FMLnunNMGOq0C%2Brt8nWl4bhq55lfp7eARC2x1fkBwyOd%2BcXNCUouGVPRFxTCmKjD3xOfTxP3t5tAXgiKSuTMICPnrIpijpfEDSdTxp4N5ulA60syJqpFRG69IZIv0m1VwMZjRkb201ztdc%2FZ43OJahyhqF%2FIB4MasvQ8N2eHIspxYldbzzMrsMGOIDLvb8u%2FD9GLFssjFNjdYLeqDtpNWPyUjjKNl0kBrvlvJca%2B3kWp%2BkxWvPg0hFA3zJfa%2BLHpLEAxc3b6x1LzqHz7GsNd%2BleOZvm71FtLIT0nijjMCLaIL18BW5pz7ig5TNu%2Fc1eaJFLgLPvVsA3lWzsUYN8M%2BaTpbNNF2heXEiGrFwdX7pKW7cQGn0phKtlq%2B6CidqtgSa7VXqm0ZIyh8TzDZKj3OAlIoA3q6Mg%3D%3D&X-Amz-Signature=a71ec8e8fcddce3175de6cd93b202afe33d0c4fbf861ed33e6422dbeb11a3fdc&X-Amz-SignedHeaders=host&response-content-disposition=inline,https://rasta-vehicle-counter.s3.us-east-1.amazonaws.com/vehicle-counter-unprocessed-video/27%20june/051/f00030.mp4?X-Amz-Algorithm=AWS4-HMAC-SHA256&X-Amz-Content-Sha256=UNSIGNED-PAYLOAD&X-Amz-Credential=ASIA47CRV2VXCY32XXKJ%2F20260727%2Fus-east-1%2Fs3%2Faws4_request&X-Amz-Date=20260727T131015Z&X-Amz-Expires=300&X-Amz-Security-Token=IQoJb3JpZ2luX2VjEIX%2F%2F%2F%2F%2F%2F%2F%2F%2F%2FwEaCXVzLWVhc3QtMSJHMEUCIG7FJ0P1zoe0DfV%2F3B8ELEjUj2DmG4oK1YB4KXQ9EcHbAiEApWMEAxYuD%2BHaCeBmU7s3Tl3ZDueOX%2Fi1OXi1pBkDq3Uq2gIIThAAGgw4OTEzNzcwMTQxMjYiDKP7w96aqbHMsXVBWSq3AkuQGY%2FyT3%2FDwJTDknyhKoBIaAbpnJoaaiqTs4jbo9Ad%2FrjOwkuM6A71CVtxkRaJ%2B2ctOMHHjGV%2BqYJvbJSQafY%2Bl3%2FPVNHiJPblKx%2BKIVilV0T1w50H%2Fc71QysPp6tKOLwBLGZlUEzJ7%2FaQMSJg39agssYWJHdCK16CYoJp6fzNe8E4Mgskrmma47oAmr9%2BMv5GtuPk11w0b7rPFSHEng%2BZgJrp0SuUBWe4v1kgeAlhGiBNFhrn9aLr18lfsK9qaJLngMrtr5HnIfuQ0lbl2tYDDsZk09gvaCMlH62n506w4qBon33CGVXR4h2olq5qVT4apCWRIw4Rt13WNlqhIs9jz%2B3fd5vDiv2qQpd48YSjEkkG30eRfUWmwPX94ovyOHj%2F3gRxmtH1NvGFn%2B1G64xu82jxXGc%2FMLnunNMGOq0C%2Brt8nWl4bhq55lfp7eARC2x1fkBwyOd%2BcXNCUouGVPRFxTCmKjD3xOfTxP3t5tAXgiKSuTMICPnrIpijpfEDSdTxp4N5ulA60syJqpFRG69IZIv0m1VwMZjRkb201ztdc%2FZ43OJahyhqF%2FIB4MasvQ8N2eHIspxYldbzzMrsMGOIDLvb8u%2FD9GLFssjFNjdYLeqDtpNWPyUjjKNl0kBrvlvJca%2B3kWp%2BkxWvPg0hFA3zJfa%2BLHpLEAxc3b6x1LzqHz7GsNd%2BleOZvm71FtLIT0nijjMCLaIL18BW5pz7ig5TNu%2Fc1eaJFLgLPvVsA3lWzsUYN8M%2BaTpbNNF2heXEiGrFwdX7pKW7cQGn0phKtlq%2B6CidqtgSa7VXqm0ZIyh8TzDZKj3OAlIoA3q6Mg%3D%3D&X-Amz-Signature=cd443ab97fcc99f1486af7780b3c6ee3711033bc61e5bac22256bc6a30d0bf89&X-Amz-SignedHeaders=host&response-content-disposition=inline,,,,,,,,,vehicle-counter-unprocessed-video/27 june/051/f00004.mp4,vehicle-counter-unprocessed-video/27 june/051/f00118.mp4
053,EMPTY,,,,,,,,,,,vehicle-counter-unprocessed-video/27 june/053/f00001.mp4,vehicle-counter-unprocessed-video/27 june/053/f00000.mp4
059,6/19/2026 11:11,https://rasta-vehicle-counter.s3.us-east-1.amazonaws.com/vehicle-counter-unprocessed-video/27%20june/059/f00088.mp4?X-Amz-Algorithm=AWS4-HMAC-SHA256&X-Amz-Content-Sha256=UNSIGNED-PAYLOAD&X-Amz-Credential=ASIA47CRV2VXAFJHIKTI%2F20260728%2Fus-east-1%2Fs3%2Faws4_request&X-Amz-Date=20260728T060957Z&X-Amz-Expires=300&X-Amz-Security-Token=IQoJb3JpZ2luX2VjEJf%2F%2F%2F%2F%2F%2F%2F%2F%2F%2FwEaCXVzLWVhc3QtMSJHMEUCIC2AD%2F7aoVpLn0EJvQio9C3Vv6Q8hu64cYjCK1PfTaHyAiEAysOKianMRd49oUKv1LL2zbfwH4hpe0a64ZLS8pN2Fk8q2gIIXxAAGgw4OTEzNzcwMTQxMjYiDBKKnV74PaMz6nOS5Sq3AhySrWvAu3UXiiR7Qow3mWcdncUVStMyER5H9IdCmVb7Emizm%2Fv4KwfiILFzo9AY%2BCANsxC1PYPdjwII%2FdQp0Htd9DC6u20L%2BvlBInUABwo6S2YiFafhJGHcVVseSC1PneKc85Wgt9HpLad8yMwKRAdvIHMeGQaFv4eCt8JiaHjvD8%2F9Qrfd76lw0NX2m2HWJjRWy3cpZdeIyg7IBZWUT1rGt%2FfF592hJHBgjwGELM%2FElPNvFeNNray2XS0PeqhGAXkONOwgI7ctrwS8czIaNHKI2UeY0fH2f3rUFNnjVwH7VP5I8Waq1fHCqeIdmS9g3t2HSjmsI40hID5ZW%2BjLEX2aID1x35UtHhu%2BQKgBWz5sNU6SRdIp7or0BvcaAapZGaazjJQlh17tfqf%2Fdh34uoPTAYS%2Fb%2BVEMJOIodMGOq0CeG9emamCCHbaljrPUGcrCdy%2B724e%2B4%2BCQGxt%2F7HlgcTE%2B6dFhFrb1gFfkIFH4LsVPwxEFwDWazKV6cbId%2FfvvFOr1v0t%2FoUyabXh%2FsOQK83XddNUSxEntwYPxYaswMxdUjQottDpqgWGGmUB%2FIn%2Bfr9ape7Y17JrNAEpNXpHycwvuK975skglQUzFUfN6WV94TZVlAosHEcekfGcD3ZkKqDHN%2B2JEtHjJnJ%2FaRmO6LcanInk6w8lwi5fc1%2BygYeCBpCPXn58UCBQFMzJAT4SQOnGwmr1sEOa5O97fpPyCjvdmD%2FI5ZBNPAmcgG2Q9VFZe4gG16BqFBzm%2BPnys%2FlUa0Jl4qYD2CA42PKnJZgw7VX5GBLNP0DbL5Rg4mSrWgj2jKjzY7IJwC9FleYc%2Bg%3D%3D&X-Amz-Signature=5b24aa94d3565ec4c122401551c237d25796686a9ff907009b299e5114ee3bd7&X-Amz-SignedHeaders=host&response-content-disposition=inline,https://rasta-vehicle-counter.s3.us-east-1.amazonaws.com/vehicle-counter-unprocessed-video/27%20june/059/f00002.mp4?X-Amz-Algorithm=AWS4-HMAC-SHA256&X-Amz-Content-Sha256=UNSIGNED-PAYLOAD&X-Amz-Credential=ASIA47CRV2VXAFJHIKTI%2F20260728%2Fus-east-1%2Fs3%2Faws4_request&X-Amz-Date=20260728T060724Z&X-Amz-Expires=300&X-Amz-Security-Token=IQoJb3JpZ2luX2VjEJf%2F%2F%2F%2F%2F%2F%2F%2F%2F%2FwEaCXVzLWVhc3QtMSJHMEUCIC2AD%2F7aoVpLn0EJvQio9C3Vv6Q8hu64cYjCK1PfTaHyAiEAysOKianMRd49oUKv1LL2zbfwH4hpe0a64ZLS8pN2Fk8q2gIIXxAAGgw4OTEzNzcwMTQxMjYiDBKKnV74PaMz6nOS5Sq3AhySrWvAu3UXiiR7Qow3mWcdncUVStMyER5H9IdCmVb7Emizm%2Fv4KwfiILFzo9AY%2BCANsxC1PYPdjwII%2FdQp0Htd9DC6u20L%2BvlBInUABwo6S2YiFafhJGHcVVseSC1PneKc85Wgt9HpLad8yMwKRAdvIHMeGQaFv4eCt8JiaHjvD8%2F9Qrfd76lw0NX2m2HWJjRWy3cpZdeIyg7IBZWUT1rGt%2FfF592hJHBgjwGELM%2FElPNvFeNNray2XS0PeqhGAXkONOwgI7ctrwS8czIaNHKI2UeY0fH2f3rUFNnjVwH7VP5I8Waq1fHCqeIdmS9g3t2HSjmsI40hID5ZW%2BjLEX2aID1x35UtHhu%2BQKgBWz5sNU6SRdIp7or0BvcaAapZGaazjJQlh17tfqf%2Fdh34uoPTAYS%2Fb%2BVEMJOIodMGOq0CeG9emamCCHbaljrPUGcrCdy%2B724e%2B4%2BCQGxt%2F7HlgcTE%2B6dFhFrb1gFfkIFH4LsVPwxEFwDWazKV6cbId%2FfvvFOr1v0t%2FoUyabXh%2FsOQK83XddNUSxEntwYPxYaswMxdUjQottDpqgWGGmUB%2FIn%2Bfr9ape7Y17JrNAEpNXpHycwvuK975skglQUzFUfN6WV94TZVlAosHEcekfGcD3ZkKqDHN%2B2JEtHjJnJ%2FaRmO6LcanInk6w8lwi5fc1%2BygYeCBpCPXn58UCBQFMzJAT4SQOnGwmr1sEOa5O97fpPyCjvdmD%2FI5ZBNPAmcgG2Q9VFZe4gG16BqFBzm%2BPnys%2FlUa0Jl4qYD2CA42PKnJZgw7VX5GBLNP0DbL5Rg4mSrWgj2jKjzY7IJwC9FleYc%2Bg%3D%3D&X-Amz-Signature=572c5c19d0e00dcc798ea6c2d1bf2e77c3b0b9f558e490b1ffaf6b32f1854acd&X-Amz-SignedHeaders=host&response-content-disposition=inline,,,,,,,,,vehicle-counter-unprocessed-video/27 june/059/f00159.mp4,vehicle-counter-unprocessed-video/27 june/059/f00002.mp4
060,6/19/2026 11:11,https://rasta-vehicle-counter.s3.us-east-1.amazonaws.com/vehicle-counter-unprocessed-video/27%20june/060/f00002.mp4?X-Amz-Algorithm=AWS4-HMAC-SHA256&X-Amz-Content-Sha256=UNSIGNED-PAYLOAD&X-Amz-Credential=ASIA47CRV2VXAFJHIKTI%2F20260728%2Fus-east-1%2Fs3%2Faws4_request&X-Amz-Date=20260728T061110Z&X-Amz-Expires=300&X-Amz-Security-Token=IQoJb3JpZ2luX2VjEJf%2F%2F%2F%2F%2F%2F%2F%2F%2F%2FwEaCXVzLWVhc3QtMSJHMEUCIC2AD%2F7aoVpLn0EJvQio9C3Vv6Q8hu64cYjCK1PfTaHyAiEAysOKianMRd49oUKv1LL2zbfwH4hpe0a64ZLS8pN2Fk8q2gIIXxAAGgw4OTEzNzcwMTQxMjYiDBKKnV74PaMz6nOS5Sq3AhySrWvAu3UXiiR7Qow3mWcdncUVStMyER5H9IdCmVb7Emizm%2Fv4KwfiILFzo9AY%2BCANsxC1PYPdjwII%2FdQp0Htd9DC6u20L%2BvlBInUABwo6S2YiFafhJGHcVVseSC1PneKc85Wgt9HpLad8yMwKRAdvIHMeGQaFv4eCt8JiaHjvD8%2F9Qrfd76lw0NX2m2HWJjRWy3cpZdeIyg7IBZWUT1rGt%2FfF592hJHBgjwGELM%2FElPNvFeNNray2XS0PeqhGAXkONOwgI7ctrwS8czIaNHKI2UeY0fH2f3rUFNnjVwH7VP5I8Waq1fHCqeIdmS9g3t2HSjmsI40hID5ZW%2BjLEX2aID1x35UtHhu%2BQKgBWz5sNU6SRdIp7or0BvcaAapZGaazjJQlh17tfqf%2Fdh34uoPTAYS%2Fb%2BVEMJOIodMGOq0CeG9emamCCHbaljrPUGcrCdy%2B724e%2B4%2BCQGxt%2F7HlgcTE%2B6dFhFrb1gFfkIFH4LsVPwxEFwDWazKV6cbId%2FfvvFOr1v0t%2FoUyabXh%2FsOQK83XddNUSxEntwYPxYaswMxdUjQottDpqgWGGmUB%2FIn%2Bfr9ape7Y17JrNAEpNXpHycwvuK975skglQUzFUfN6WV94TZVlAosHEcekfGcD3ZkKqDHN%2B2JEtHjJnJ%2FaRmO6LcanInk6w8lwi5fc1%2BygYeCBpCPXn58UCBQFMzJAT4SQOnGwmr1sEOa5O97fpPyCjvdmD%2FI5ZBNPAmcgG2Q9VFZe4gG16BqFBzm%2BPnys%2FlUa0Jl4qYD2CA42PKnJZgw7VX5GBLNP0DbL5Rg4mSrWgj2jKjzY7IJwC9FleYc%2Bg%3D%3D&X-Amz-Signature=8223cff38dac2b863a49d6e132f7bf8bd6498de00e6e85d7d35e1be771df844a&X-Amz-SignedHeaders=host&response-content-disposition=inline,,,,,,,,,,vehicle-counter-unprocessed-video/27 june/060/f00002.mp4,vehicle-counter-unprocessed-video/27 june/060/f00271.mp4
063,6/19/2026 11:11,https://rasta-vehicle-counter.s3.us-east-1.amazonaws.com/vehicle-counter-unprocessed-video/27%20june/063/f00053.mp4?X-Amz-Algorithm=AWS4-HMAC-SHA256&X-Amz-Content-Sha256=UNSIGNED-PAYLOAD&X-Amz-Credential=ASIA47CRV2VXPCRUCRGP%2F20260728%2Fus-east-1%2Fs3%2Faws4_request&X-Amz-Date=20260728T062918Z&X-Amz-Expires=300&X-Amz-Security-Token=IQoJb3JpZ2luX2VjEJf%2F%2F%2F%2F%2F%2F%2F%2F%2F%2FwEaCXVzLWVhc3QtMSJIMEYCIQDIkSF1u%2BbxoRw2UXXbqIePV4JBachIdNCAfIRVlGPJAwIhAMIjgUhfP6fjCcLZKqy8H9YAgF4tu8L685iHJ4665FnUKtoCCGAQABoMODkxMzc3MDE0MTI2IgztX03BOvNt7VZ0F50qtwJGysbzhOQZZsHC7hhPBkihW%2FzRe56vg4SqmhPvDfq5vjGP0a0go6%2FH9IjXosb2oaky0D5C8yyv5JCeBNblxwH%2Bpu75Vjlu441inIZD71lADXvM1%2F2VyvandyLfa4Ws6FhXXOiAPHR3VNcnsF546eZYgABIYBFbTDiDqR1kCxT4vbp4N6CknuNUSnmRiHc08du8QDHa2jRHhoMYF6HAzDQhxGrPFHcslTAweKOBRJSoBFE1z434be7XqNElNBs8%2Flph75RGOVo8%2FrOCZ2%2F1c%2FlSSTIXV1ueiw4Ypd0SSPv5YnFAUvO%2B7USBo0a8Q3UHD2FVNyp%2F5aZBztAHt1W3T1iLbVwIwIpCBsSqNDJZGQyEYVWfnRu8bVBP6xVz9Wn%2FGo7Bi9qyq2JjqJmHNO3ZSJhtLARqp5q9DDCTiKHTBjqsAjDqOwthvfQ7nykazql7dSZoGFsgWHnbMMtj3gud1w5XJwRgxAOuFN8xkWX9lmQW6Vd7iIsK8%2Fsj72AKcjQ4UrnQ7OiNFGQNNaS6OUJZOfyB%2FhvuH9Qg0gko24qUlX6ZyqC%2BcNO0NIPUEuSz9wr150bWKqPbTHQZDxAi5sctztrsZZBpOd68dqbkerkPIhBSEHdG4XoIUyNaeUQOeIqfsft0vpEfOjL%2FDldIu%2BwuSyv06w1uyC7qXCVqmslwOLbas%2F5kpLXpT0Vlte07jLPe9r7bjhROWWtk4jMNRNPbIfXJ2aHP6EoWOfFXGXCWiPKZ6DFcqa4rpwMmPSe58aokR4h7TSmJAftJXLicUgnh0%2BLJ%2FoC4gFNHkDsVoWCAY8CRmFFlR8aEnCz%2Fg0oCcQ%3D%3D&X-Amz-Signature=fa2f7d177e1cd930f6a112fc10dca3c94c8c265effd9d1bc1ad38d29f7911a81&X-Amz-SignedHeaders=host&response-content-disposition=inline,https://rasta-vehicle-counter.s3.us-east-1.amazonaws.com/vehicle-counter-unprocessed-video/27%20june/063/f00081.mp4?X-Amz-Algorithm=AWS4-HMAC-SHA256&X-Amz-Content-Sha256=UNSIGNED-PAYLOAD&X-Amz-Credential=ASIA47CRV2VXPCRUCRGP%2F20260728%2Fus-east-1%2Fs3%2Faws4_request&X-Amz-Date=20260728T063109Z&X-Amz-Expires=300&X-Amz-Security-Token=IQoJb3JpZ2luX2VjEJf%2F%2F%2F%2F%2F%2F%2F%2F%2F%2FwEaCXVzLWVhc3QtMSJIMEYCIQDIkSF1u%2BbxoRw2UXXbqIePV4JBachIdNCAfIRVlGPJAwIhAMIjgUhfP6fjCcLZKqy8H9YAgF4tu8L685iHJ4665FnUKtoCCGAQABoMODkxMzc3MDE0MTI2IgztX03BOvNt7VZ0F50qtwJGysbzhOQZZsHC7hhPBkihW%2FzRe56vg4SqmhPvDfq5vjGP0a0go6%2FH9IjXosb2oaky0D5C8yyv5JCeBNblxwH%2Bpu75Vjlu441inIZD71lADXvM1%2F2VyvandyLfa4Ws6FhXXOiAPHR3VNcnsF546eZYgABIYBFbTDiDqR1kCxT4vbp4N6CknuNUSnmRiHc08du8QDHa2jRHhoMYF6HAzDQhxGrPFHcslTAweKOBRJSoBFE1z434be7XqNElNBs8%2Flph75RGOVo8%2FrOCZ2%2F1c%2FlSSTIXV1ueiw4Ypd0SSPv5YnFAUvO%2B7USBo0a8Q3UHD2FVNyp%2F5aZBztAHt1W3T1iLbVwIwIpCBsSqNDJZGQyEYVWfnRu8bVBP6xVz9Wn%2FGo7Bi9qyq2JjqJmHNO3ZSJhtLARqp5q9DDCTiKHTBjqsAjDqOwthvfQ7nykazql7dSZoGFsgWHnbMMtj3gud1w5XJwRgxAOuFN8xkWX9lmQW6Vd7iIsK8%2Fsj72AKcjQ4UrnQ7OiNFGQNNaS6OUJZOfyB%2FhvuH9Qg0gko24qUlX6ZyqC%2BcNO0NIPUEuSz9wr150bWKqPbTHQZDxAi5sctztrsZZBpOd68dqbkerkPIhBSEHdG4XoIUyNaeUQOeIqfsft0vpEfOjL%2FDldIu%2BwuSyv06w1uyC7qXCVqmslwOLbas%2F5kpLXpT0Vlte07jLPe9r7bjhROWWtk4jMNRNPbIfXJ2aHP6EoWOfFXGXCWiPKZ6DFcqa4rpwMmPSe58aokR4h7TSmJAftJXLicUgnh0%2BLJ%2FoC4gFNHkDsVoWCAY8CRmFFlR8aEnCz%2Fg0oCcQ%3D%3D&X-Amz-Signature=aa55068760346f2b37c3883f6f88f40b066239b3e6c42220913713f028392907&X-Amz-SignedHeaders=host&response-content-disposition=inline,,,,,,,,,vehicle-counter-unprocessed-video/27 june/063/f00003.mp4,vehicle-counter-unprocessed-video/27 june/063/f00080.mp4
066,6/19/2026 11:11,https://rasta-vehicle-counter.s3.us-east-1.amazonaws.com/vehicle-counter-unprocessed-video/27%20june/066/f00002.mp4?X-Amz-Algorithm=AWS4-HMAC-SHA256&X-Amz-Content-Sha256=UNSIGNED-PAYLOAD&X-Amz-Credential=ASIA47CRV2VXPCRUCRGP%2F20260728%2Fus-east-1%2Fs3%2Faws4_request&X-Amz-Date=20260728T063209Z&X-Amz-Expires=300&X-Amz-Security-Token=IQoJb3JpZ2luX2VjEJf%2F%2F%2F%2F%2F%2F%2F%2F%2F%2FwEaCXVzLWVhc3QtMSJIMEYCIQDIkSF1u%2BbxoRw2UXXbqIePV4JBachIdNCAfIRVlGPJAwIhAMIjgUhfP6fjCcLZKqy8H9YAgF4tu8L685iHJ4665FnUKtoCCGAQABoMODkxMzc3MDE0MTI2IgztX03BOvNt7VZ0F50qtwJGysbzhOQZZsHC7hhPBkihW%2FzRe56vg4SqmhPvDfq5vjGP0a0go6%2FH9IjXosb2oaky0D5C8yyv5JCeBNblxwH%2Bpu75Vjlu441inIZD71lADXvM1%2F2VyvandyLfa4Ws6FhXXOiAPHR3VNcnsF546eZYgABIYBFbTDiDqR1kCxT4vbp4N6CknuNUSnmRiHc08du8QDHa2jRHhoMYF6HAzDQhxGrPFHcslTAweKOBRJSoBFE1z434be7XqNElNBs8%2Flph75RGOVo8%2FrOCZ2%2F1c%2FlSSTIXV1ueiw4Ypd0SSPv5YnFAUvO%2B7USBo0a8Q3UHD2FVNyp%2F5aZBztAHt1W3T1iLbVwIwIpCBsSqNDJZGQyEYVWfnRu8bVBP6xVz9Wn%2FGo7Bi9qyq2JjqJmHNO3ZSJhtLARqp5q9DDCTiKHTBjqsAjDqOwthvfQ7nykazql7dSZoGFsgWHnbMMtj3gud1w5XJwRgxAOuFN8xkWX9lmQW6Vd7iIsK8%2Fsj72AKcjQ4UrnQ7OiNFGQNNaS6OUJZOfyB%2FhvuH9Qg0gko24qUlX6ZyqC%2BcNO0NIPUEuSz9wr150bWKqPbTHQZDxAi5sctztrsZZBpOd68dqbkerkPIhBSEHdG4XoIUyNaeUQOeIqfsft0vpEfOjL%2FDldIu%2BwuSyv06w1uyC7qXCVqmslwOLbas%2F5kpLXpT0Vlte07jLPe9r7bjhROWWtk4jMNRNPbIfXJ2aHP6EoWOfFXGXCWiPKZ6DFcqa4rpwMmPSe58aokR4h7TSmJAftJXLicUgnh0%2BLJ%2FoC4gFNHkDsVoWCAY8CRmFFlR8aEnCz%2Fg0oCcQ%3D%3D&X-Amz-Signature=a419acac8b6b4e9fef4561a30d4519e3807c3e61945e00a3e9df7b9e6ddaf3a9&X-Amz-SignedHeaders=host&response-content-disposition=inline,https://rasta-vehicle-counter.s3.us-east-1.amazonaws.com/vehicle-counter-unprocessed-video/27%20june/066/f00116.mp4?X-Amz-Algorithm=AWS4-HMAC-SHA256&X-Amz-Content-Sha256=UNSIGNED-PAYLOAD&X-Amz-Credential=ASIA47CRV2VXPCRUCRGP%2F20260728%2Fus-east-1%2Fs3%2Faws4_request&X-Amz-Date=20260728T063351Z&X-Amz-Expires=300&X-Amz-Security-Token=IQoJb3JpZ2luX2VjEJf%2F%2F%2F%2F%2F%2F%2F%2F%2F%2FwEaCXVzLWVhc3QtMSJIMEYCIQDIkSF1u%2BbxoRw2UXXbqIePV4JBachIdNCAfIRVlGPJAwIhAMIjgUhfP6fjCcLZKqy8H9YAgF4tu8L685iHJ4665FnUKtoCCGAQABoMODkxMzc3MDE0MTI2IgztX03BOvNt7VZ0F50qtwJGysbzhOQZZsHC7hhPBkihW%2FzRe56vg4SqmhPvDfq5vjGP0a0go6%2FH9IjXosb2oaky0D5C8yyv5JCeBNblxwH%2Bpu75Vjlu441inIZD71lADXvM1%2F2VyvandyLfa4Ws6FhXXOiAPHR3VNcnsF546eZYgABIYBFbTDiDqR1kCxT4vbp4N6CknuNUSnmRiHc08du8QDHa2jRHhoMYF6HAzDQhxGrPFHcslTAweKOBRJSoBFE1z434be7XqNElNBs8%2Flph75RGOVo8%2FrOCZ2%2F1c%2FlSSTIXV1ueiw4Ypd0SSPv5YnFAUvO%2B7USBo0a8Q3UHD2FVNyp%2F5aZBztAHt1W3T1iLbVwIwIpCBsSqNDJZGQyEYVWfnRu8bVBP6xVz9Wn%2FGo7Bi9qyq2JjqJmHNO3ZSJhtLARqp5q9DDCTiKHTBjqsAjDqOwthvfQ7nykazql7dSZoGFsgWHnbMMtj3gud1w5XJwRgxAOuFN8xkWX9lmQW6Vd7iIsK8%2Fsj72AKcjQ4UrnQ7OiNFGQNNaS6OUJZOfyB%2FhvuH9Qg0gko24qUlX6ZyqC%2BcNO0NIPUEuSz9wr150bWKqPbTHQZDxAi5sctztrsZZBpOd68dqbkerkPIhBSEHdG4XoIUyNaeUQOeIqfsft0vpEfOjL%2FDldIu%2BwuSyv06w1uyC7qXCVqmslwOLbas%2F5kpLXpT0Vlte07jLPe9r7bjhROWWtk4jMNRNPbIfXJ2aHP6EoWOfFXGXCWiPKZ6DFcqa4rpwMmPSe58aokR4h7TSmJAftJXLicUgnh0%2BLJ%2FoC4gFNHkDsVoWCAY8CRmFFlR8aEnCz%2Fg0oCcQ%3D%3D&X-Amz-Signature=6eb0164e18aa5554fa6b1147d8bb701a98c9292986f52976264b322aed17548e&X-Amz-SignedHeaders=host&response-content-disposition=inline,,,,,,,,,vehicle-counter-unprocessed-video/27 june/066/f00002.mp4,vehicle-counter-unprocessed-video/27 june/066/f00215.mp4
068,6/18/2026 11:11,https://rasta-vehicle-counter.s3.us-east-1.amazonaws.com/vehicle-counter-unprocessed-video/27%20june/068/f00024.mp4?X-Amz-Algorithm=AWS4-HMAC-SHA256&X-Amz-Content-Sha256=UNSIGNED-PAYLOAD&X-Amz-Credential=ASIA47CRV2VXPCRUCRGP%2F20260728%2Fus-east-1%2Fs3%2Faws4_request&X-Amz-Date=20260728T063738Z&X-Amz-Expires=300&X-Amz-Security-Token=IQoJb3JpZ2luX2VjEJf%2F%2F%2F%2F%2F%2F%2F%2F%2F%2FwEaCXVzLWVhc3QtMSJIMEYCIQDIkSF1u%2BbxoRw2UXXbqIePV4JBachIdNCAfIRVlGPJAwIhAMIjgUhfP6fjCcLZKqy8H9YAgF4tu8L685iHJ4665FnUKtoCCGAQABoMODkxMzc3MDE0MTI2IgztX03BOvNt7VZ0F50qtwJGysbzhOQZZsHC7hhPBkihW%2FzRe56vg4SqmhPvDfq5vjGP0a0go6%2FH9IjXosb2oaky0D5C8yyv5JCeBNblxwH%2Bpu75Vjlu441inIZD71lADXvM1%2F2VyvandyLfa4Ws6FhXXOiAPHR3VNcnsF546eZYgABIYBFbTDiDqR1kCxT4vbp4N6CknuNUSnmRiHc08du8QDHa2jRHhoMYF6HAzDQhxGrPFHcslTAweKOBRJSoBFE1z434be7XqNElNBs8%2Flph75RGOVo8%2FrOCZ2%2F1c%2FlSSTIXV1ueiw4Ypd0SSPv5YnFAUvO%2B7USBo0a8Q3UHD2FVNyp%2F5aZBztAHt1W3T1iLbVwIwIpCBsSqNDJZGQyEYVWfnRu8bVBP6xVz9Wn%2FGo7Bi9qyq2JjqJmHNO3ZSJhtLARqp5q9DDCTiKHTBjqsAjDqOwthvfQ7nykazql7dSZoGFsgWHnbMMtj3gud1w5XJwRgxAOuFN8xkWX9lmQW6Vd7iIsK8%2Fsj72AKcjQ4UrnQ7OiNFGQNNaS6OUJZOfyB%2FhvuH9Qg0gko24qUlX6ZyqC%2BcNO0NIPUEuSz9wr150bWKqPbTHQZDxAi5sctztrsZZBpOd68dqbkerkPIhBSEHdG4XoIUyNaeUQOeIqfsft0vpEfOjL%2FDldIu%2BwuSyv06w1uyC7qXCVqmslwOLbas%2F5kpLXpT0Vlte07jLPe9r7bjhROWWtk4jMNRNPbIfXJ2aHP6EoWOfFXGXCWiPKZ6DFcqa4rpwMmPSe58aokR4h7TSmJAftJXLicUgnh0%2BLJ%2FoC4gFNHkDsVoWCAY8CRmFFlR8aEnCz%2Fg0oCcQ%3D%3D&X-Amz-Signature=df86084a94c5df47538ffef7999a1aabb5db15e3a5390ab56c38f85a0c3fe0cd&X-Amz-SignedHeaders=host&response-content-disposition=inline,https://rasta-vehicle-counter.s3.us-east-1.amazonaws.com/vehicle-counter-unprocessed-video/27%20june/068/f00002.mp4?X-Amz-Algorithm=AWS4-HMAC-SHA256&X-Amz-Content-Sha256=UNSIGNED-PAYLOAD&X-Amz-Credential=ASIA47CRV2VXPCRUCRGP%2F20260728%2Fus-east-1%2Fs3%2Faws4_request&X-Amz-Date=20260728T063451Z&X-Amz-Expires=300&X-Amz-Security-Token=IQoJb3JpZ2luX2VjEJf%2F%2F%2F%2F%2F%2F%2F%2F%2F%2FwEaCXVzLWVhc3QtMSJIMEYCIQDIkSF1u%2BbxoRw2UXXbqIePV4JBachIdNCAfIRVlGPJAwIhAMIjgUhfP6fjCcLZKqy8H9YAgF4tu8L685iHJ4665FnUKtoCCGAQABoMODkxMzc3MDE0MTI2IgztX03BOvNt7VZ0F50qtwJGysbzhOQZZsHC7hhPBkihW%2FzRe56vg4SqmhPvDfq5vjGP0a0go6%2FH9IjXosb2oaky0D5C8yyv5JCeBNblxwH%2Bpu75Vjlu441inIZD71lADXvM1%2F2VyvandyLfa4Ws6FhXXOiAPHR3VNcnsF546eZYgABIYBFbTDiDqR1kCxT4vbp4N6CknuNUSnmRiHc08du8QDHa2jRHhoMYF6HAzDQhxGrPFHcslTAweKOBRJSoBFE1z434be7XqNElNBs8%2Flph75RGOVo8%2FrOCZ2%2F1c%2FlSSTIXV1ueiw4Ypd0SSPv5YnFAUvO%2B7USBo0a8Q3UHD2FVNyp%2F5aZBztAHt1W3T1iLbVwIwIpCBsSqNDJZGQyEYVWfnRu8bVBP6xVz9Wn%2FGo7Bi9qyq2JjqJmHNO3ZSJhtLARqp5q9DDCTiKHTBjqsAjDqOwthvfQ7nykazql7dSZoGFsgWHnbMMtj3gud1w5XJwRgxAOuFN8xkWX9lmQW6Vd7iIsK8%2Fsj72AKcjQ4UrnQ7OiNFGQNNaS6OUJZOfyB%2FhvuH9Qg0gko24qUlX6ZyqC%2BcNO0NIPUEuSz9wr150bWKqPbTHQZDxAi5sctztrsZZBpOd68dqbkerkPIhBSEHdG4XoIUyNaeUQOeIqfsft0vpEfOjL%2FDldIu%2BwuSyv06w1uyC7qXCVqmslwOLbas%2F5kpLXpT0Vlte07jLPe9r7bjhROWWtk4jMNRNPbIfXJ2aHP6EoWOfFXGXCWiPKZ6DFcqa4rpwMmPSe58aokR4h7TSmJAftJXLicUgnh0%2BLJ%2FoC4gFNHkDsVoWCAY8CRmFFlR8aEnCz%2Fg0oCcQ%3D%3D&X-Amz-Signature=a9d49887c4a76ba85ecb2062d0c8627e61ee0c82b16e0d74b30e0b0430cdfdcd&X-Amz-SignedHeaders=host&response-content-disposition=inline,,,,,,,,,vehicle-counter-unprocessed-video/27 june/068/f00002.mp4,vehicle-counter-unprocessed-video/27 june/068/f00205.mp4
069,6/19/2026 11:11,https://rasta-vehicle-counter.s3.us-east-1.amazonaws.com/vehicle-counter-unprocessed-video/27%20june/069/f00100.mp4?X-Amz-Algorithm=AWS4-HMAC-SHA256&X-Amz-Content-Sha256=UNSIGNED-PAYLOAD&X-Amz-Credential=ASIA47CRV2VXP4KM2VTW%2F20260728%2Fus-east-1%2Fs3%2Faws4_request&X-Amz-Date=20260728T065058Z&X-Amz-Expires=300&X-Amz-Security-Token=IQoJb3JpZ2luX2VjEJf%2F%2F%2F%2F%2F%2F%2F%2F%2F%2FwEaCXVzLWVhc3QtMSJHMEUCIQD7FfBBCzUtOyjLPUPbxyHs%2FTnSD7mU6Snbf0iE4ITOdQIgNjyHT9r4GChcOSvj%2F2uegyZZf5yqtUM7RpRjxP8xV%2Fsq2gIIYBAAGgw4OTEzNzcwMTQxMjYiDAKVJKN5V7iOc4iJ%2BSq3AvouNUSGz9AP6hOUhk41kUeo7ofzhtGEhhtfZRVa2dTzFENGI1egqPlCAoeNdsZLSfRpu%2FGRaASdLXoj9ynOtsDahrIVXbkfv%2BaYn1al9BGNbfzqXCQ8UzBHtRUt2QtaECUFeGczVNuEmhsKszvae9l7AOmPfGrXi1e3Rbs0%2FMD0FNjC%2Ba%2BBDZgCr1jpdPVDQ2kCrDpzQnWQ3POo0yP3QOEPODZ6B0AEWhMqGB5mlHLyDO9PRQo0Ywpwi9PXVDei8vaDNv52qHnArpHsTwbulEIYK6TIpAcysAh8vWt%2FXx%2FGYijyechALkwf6K78du%2FWXsFFyFNomWqnruDauWNjBj6ijvt%2BVtd049twbZAq59Amwib6SUUEaUHjM3%2BUJV4QGt%2BbDfPdcottpbRBIW8SSHPkmuFP4HI6MJOIodMGOq0CwD0AAVhrVr1DJ4VEFhTZaW7Kvk%2Bi9vCQdDCrOckhfPozgxzsEx0ihyluPdUFJZt7Fa1HYoLI5oE8ZWAoeTAW8AvFmGRGamUzQdPMDIh34JakHig0iYm%2FRFFH1AlNyg0w%2BVa3pMA8QlRQbvaBL5ixjt%2BaLvgcCyr7HOkZh55VGg82r%2FWgT2yYqJpaz7dSxmWRoC4nmJnEqPx%2BbCS3t8hGuMP3RdUD%2F1eSK9W2MwfTdb%2BsCciT5XIX5J8z5S%2Fzwd%2BSsliGqiLiv%2F5REijAuexDFI0bbJqaqmvk2LjSXTH0EfjriX1Gbg8ysSfIlIibZbrY0WRle03OXRG9emOSJI8hOJkXp8h8ntlqmhMl39y%2BTkalfmD3pjZF%2FvPKtO1eVwdrhVeJ%2FdcSQxKy9vjXqw%3D%3D&X-Amz-Signature=7af24e22ecf9d98e52ef17964ebda5ecba255c8aa3bfbc95c74b9071e3ce6126&X-Amz-SignedHeaders=host&response-content-disposition=inline,https://rasta-vehicle-counter.s3.us-east-1.amazonaws.com/vehicle-counter-unprocessed-video/27%20june/069/f00003.mp4?X-Amz-Algorithm=AWS4-HMAC-SHA256&X-Amz-Content-Sha256=UNSIGNED-PAYLOAD&X-Amz-Credential=ASIA47CRV2VXPCRUCRGP%2F20260728%2Fus-east-1%2Fs3%2Faws4_request&X-Amz-Date=20260728T063838Z&X-Amz-Expires=300&X-Amz-Security-Token=IQoJb3JpZ2luX2VjEJf%2F%2F%2F%2F%2F%2F%2F%2F%2F%2FwEaCXVzLWVhc3QtMSJIMEYCIQDIkSF1u%2BbxoRw2UXXbqIePV4JBachIdNCAfIRVlGPJAwIhAMIjgUhfP6fjCcLZKqy8H9YAgF4tu8L685iHJ4665FnUKtoCCGAQABoMODkxMzc3MDE0MTI2IgztX03BOvNt7VZ0F50qtwJGysbzhOQZZsHC7hhPBkihW%2FzRe56vg4SqmhPvDfq5vjGP0a0go6%2FH9IjXosb2oaky0D5C8yyv5JCeBNblxwH%2Bpu75Vjlu441inIZD71lADXvM1%2F2VyvandyLfa4Ws6FhXXOiAPHR3VNcnsF546eZYgABIYBFbTDiDqR1kCxT4vbp4N6CknuNUSnmRiHc08du8QDHa2jRHhoMYF6HAzDQhxGrPFHcslTAweKOBRJSoBFE1z434be7XqNElNBs8%2Flph75RGOVo8%2FrOCZ2%2F1c%2FlSSTIXV1ueiw4Ypd0SSPv5YnFAUvO%2B7USBo0a8Q3UHD2FVNyp%2F5aZBztAHt1W3T1iLbVwIwIpCBsSqNDJZGQyEYVWfnRu8bVBP6xVz9Wn%2FGo7Bi9qyq2JjqJmHNO3ZSJhtLARqp5q9DDCTiKHTBjqsAjDqOwthvfQ7nykazql7dSZoGFsgWHnbMMtj3gud1w5XJwRgxAOuFN8xkWX9lmQW6Vd7iIsK8%2Fsj72AKcjQ4UrnQ7OiNFGQNNaS6OUJZOfyB%2FhvuH9Qg0gko24qUlX6ZyqC%2BcNO0NIPUEuSz9wr150bWKqPbTHQZDxAi5sctztrsZZBpOd68dqbkerkPIhBSEHdG4XoIUyNaeUQOeIqfsft0vpEfOjL%2FDldIu%2BwuSyv06w1uyC7qXCVqmslwOLbas%2F5kpLXpT0Vlte07jLPe9r7bjhROWWtk4jMNRNPbIfXJ2aHP6EoWOfFXGXCWiPKZ6DFcqa4rpwMmPSe58aokR4h7TSmJAftJXLicUgnh0%2BLJ%2FoC4gFNHkDsVoWCAY8CRmFFlR8aEnCz%2Fg0oCcQ%3D%3D&X-Amz-Signature=21ea3a0e22e31f9515fb3370905ece0aa655b82368829e698445410b6c351595&X-Amz-SignedHeaders=host&response-content-disposition=inline,,,,,,,,,vehicle-counter-unprocessed-video/27 june/069/f00056.mp4,vehicle-counter-unprocessed-video/27 june/069/f00003.mp4
074,6/19/2026 11:11,https://rasta-vehicle-counter.s3.us-east-1.amazonaws.com/vehicle-counter-unprocessed-video/27%20june/074/f00002.mp4?X-Amz-Algorithm=AWS4-HMAC-SHA256&X-Amz-Content-Sha256=UNSIGNED-PAYLOAD&X-Amz-Credential=ASIA47CRV2VXP4KM2VTW%2F20260728%2Fus-east-1%2Fs3%2Faws4_request&X-Amz-Date=20260728T065216Z&X-Amz-Expires=300&X-Amz-Security-Token=IQoJb3JpZ2luX2VjEJf%2F%2F%2F%2F%2F%2F%2F%2F%2F%2FwEaCXVzLWVhc3QtMSJHMEUCIQD7FfBBCzUtOyjLPUPbxyHs%2FTnSD7mU6Snbf0iE4ITOdQIgNjyHT9r4GChcOSvj%2F2uegyZZf5yqtUM7RpRjxP8xV%2Fsq2gIIYBAAGgw4OTEzNzcwMTQxMjYiDAKVJKN5V7iOc4iJ%2BSq3AvouNUSGz9AP6hOUhk41kUeo7ofzhtGEhhtfZRVa2dTzFENGI1egqPlCAoeNdsZLSfRpu%2FGRaASdLXoj9ynOtsDahrIVXbkfv%2BaYn1al9BGNbfzqXCQ8UzBHtRUt2QtaECUFeGczVNuEmhsKszvae9l7AOmPfGrXi1e3Rbs0%2FMD0FNjC%2Ba%2BBDZgCr1jpdPVDQ2kCrDpzQnWQ3POo0yP3QOEPODZ6B0AEWhMqGB5mlHLyDO9PRQo0Ywpwi9PXVDei8vaDNv52qHnArpHsTwbulEIYK6TIpAcysAh8vWt%2FXx%2FGYijyechALkwf6K78du%2FWXsFFyFNomWqnruDauWNjBj6ijvt%2BVtd049twbZAq59Amwib6SUUEaUHjM3%2BUJV4QGt%2BbDfPdcottpbRBIW8SSHPkmuFP4HI6MJOIodMGOq0CwD0AAVhrVr1DJ4VEFhTZaW7Kvk%2Bi9vCQdDCrOckhfPozgxzsEx0ihyluPdUFJZt7Fa1HYoLI5oE8ZWAoeTAW8AvFmGRGamUzQdPMDIh34JakHig0iYm%2FRFFH1AlNyg0w%2BVa3pMA8QlRQbvaBL5ixjt%2BaLvgcCyr7HOkZh55VGg82r%2FWgT2yYqJpaz7dSxmWRoC4nmJnEqPx%2BbCS3t8hGuMP3RdUD%2F1eSK9W2MwfTdb%2BsCciT5XIX5J8z5S%2Fzwd%2BSsliGqiLiv%2F5REijAuexDFI0bbJqaqmvk2LjSXTH0EfjriX1Gbg8ysSfIlIibZbrY0WRle03OXRG9emOSJI8hOJkXp8h8ntlqmhMl39y%2BTkalfmD3pjZF%2FvPKtO1eVwdrhVeJ%2FdcSQxKy9vjXqw%3D%3D&X-Amz-Signature=19f0f99abc7e7786392cd7f015df28425275aaf4e31361c15e3338652fef225b&X-Amz-SignedHeaders=host&response-content-disposition=inline,https://rasta-vehicle-counter.s3.us-east-1.amazonaws.com/vehicle-counter-unprocessed-video/27%20june/074/f00077.mp4?X-Amz-Algorithm=AWS4-HMAC-SHA256&X-Amz-Content-Sha256=UNSIGNED-PAYLOAD&X-Amz-Credential=ASIA47CRV2VXP4KM2VTW%2F20260728%2Fus-east-1%2Fs3%2Faws4_request&X-Amz-Date=20260728T065332Z&X-Amz-Expires=300&X-Amz-Security-Token=IQoJb3JpZ2luX2VjEJf%2F%2F%2F%2F%2F%2F%2F%2F%2F%2FwEaCXVzLWVhc3QtMSJHMEUCIQD7FfBBCzUtOyjLPUPbxyHs%2FTnSD7mU6Snbf0iE4ITOdQIgNjyHT9r4GChcOSvj%2F2uegyZZf5yqtUM7RpRjxP8xV%2Fsq2gIIYBAAGgw4OTEzNzcwMTQxMjYiDAKVJKN5V7iOc4iJ%2BSq3AvouNUSGz9AP6hOUhk41kUeo7ofzhtGEhhtfZRVa2dTzFENGI1egqPlCAoeNdsZLSfRpu%2FGRaASdLXoj9ynOtsDahrIVXbkfv%2BaYn1al9BGNbfzqXCQ8UzBHtRUt2QtaECUFeGczVNuEmhsKszvae9l7AOmPfGrXi1e3Rbs0%2FMD0FNjC%2Ba%2BBDZgCr1jpdPVDQ2kCrDpzQnWQ3POo0yP3QOEPODZ6B0AEWhMqGB5mlHLyDO9PRQo0Ywpwi9PXVDei8vaDNv52qHnArpHsTwbulEIYK6TIpAcysAh8vWt%2FXx%2FGYijyechALkwf6K78du%2FWXsFFyFNomWqnruDauWNjBj6ijvt%2BVtd049twbZAq59Amwib6SUUEaUHjM3%2BUJV4QGt%2BbDfPdcottpbRBIW8SSHPkmuFP4HI6MJOIodMGOq0CwD0AAVhrVr1DJ4VEFhTZaW7Kvk%2Bi9vCQdDCrOckhfPozgxzsEx0ihyluPdUFJZt7Fa1HYoLI5oE8ZWAoeTAW8AvFmGRGamUzQdPMDIh34JakHig0iYm%2FRFFH1AlNyg0w%2BVa3pMA8QlRQbvaBL5ixjt%2BaLvgcCyr7HOkZh55VGg82r%2FWgT2yYqJpaz7dSxmWRoC4nmJnEqPx%2BbCS3t8hGuMP3RdUD%2F1eSK9W2MwfTdb%2BsCciT5XIX5J8z5S%2Fzwd%2BSsliGqiLiv%2F5REijAuexDFI0bbJqaqmvk2LjSXTH0EfjriX1Gbg8ysSfIlIibZbrY0WRle03OXRG9emOSJI8hOJkXp8h8ntlqmhMl39y%2BTkalfmD3pjZF%2FvPKtO1eVwdrhVeJ%2FdcSQxKy9vjXqw%3D%3D&X-Amz-Signature=8aa8dc614c7c4b79ee2635fa9c413f4106233f4ce2e79e237e4a19a5592892ff&X-Amz-SignedHeaders=host&response-content-disposition=inline,,,,,,,,,vehicle-counter-unprocessed-video/27 june/074/f00077.mp4,vehicle-counter-unprocessed-video/27 june/074/f00058.mp4
075,6/18/2026 11:11,https://rasta-vehicle-counter.s3.us-east-1.amazonaws.com/vehicle-counter-unprocessed-video/27%20june/075/f00002.mp4?X-Amz-Algorithm=AWS4-HMAC-SHA256&X-Amz-Content-Sha256=UNSIGNED-PAYLOAD&X-Amz-Credential=ASIA47CRV2VXAVDAE5AH%2F20260728%2Fus-east-1%2Fs3%2Faws4_request&X-Amz-Date=20260728T065442Z&X-Amz-Expires=300&X-Amz-Security-Token=IQoJb3JpZ2luX2VjEJf%2F%2F%2F%2F%2F%2F%2F%2F%2F%2FwEaCXVzLWVhc3QtMSJHMEUCIDR31tG15BWNi9HLGJXZqR9XMy9JCSNXjG0UmJkfNiydAiEA1mKvQu19hKsSXJVj%2FnGN1biG%2F7pqA9iZ0WxctZlPH6Uq2gIIYBAAGgw4OTEzNzcwMTQxMjYiDBzZ%2FqwEaY27mm9pBSq3AlbpognVbk8rK7lu3eGnx1TyvT5QU7aiz3wW6TJbphDtqSmUlsJ1CtbgT8FnXHdqqyIo971MSQegaK%2Bn739MnU0QhUDqnJmI0S9l6vhYQ2EcTdjhXWdTOpScoIF9e8c5Tpcn4JbKrogtXdkIWtHrc%2F88qGO9nULvU5w1hvfjW3d2E8HW88RbC%2BZELFlK9DD2W%2FvXdCqqIA%2BZH%2BH0%2Bb9ZERaPsUiT%2FJapq9GirgYGNsRZYV5Kb9%2FaINIS9dLw2dxi39oNhG4IZ0lPKAFoBlORTevAlpJ4a%2F%2FMZJAE2Q1BWZBID2DSlDZhXs4pK9fMTocLvuY7j7RNe8vhYJbEaKRCd4h1jCUUQ2vk1LOS2OIytv4XcLLUTcS8rtR0K9ugHGWjVXTbsyq8kX5hzDdiqNVBZQ8G4bRFpTEkMJOIodMGOq0ChNhz7xuniHHhhcYOAc%2B%2B9%2BWibWJ1EuhR8AnI2AIbQrutsCPnHqTSjZr%2BnUhc6yKWeZe07%2FyzRcH0YkO1ZImCKSZUoLMQgPmb%2FlthlqaRJW3nyIQ8q4I8G4DnuYfN6kCSqUERWYnQvdTRFydVHpGhAjBgWacXxUX7JJg262oStxl6i%2BR5i9GTM3NHGijEZwJSEZyRKv3U5pc6WzJdqDUhxqSiEDs4jyBPBe10Q2H65zt616vI%2BUEnMsZh%2BSUpdNyaznrIme1ZqQxZ8IXrnU%2BR%2FXbv264Omu8xPbWVgrmwhdLFzf32Jp8lqbwSk7pj8vek1%2BYU37N7rHy5I2O4q7osuAq5aQOLd4FDH8uNAXWOlsJ119M4uQVWmLly1alBdBLfjtmmpMD9FA6ylOySqg%3D%3D&X-Amz-Signature=76c295d896e204ecd2db1124958e2148944cd4e408eae1d39b0ba02bbcf636d5&X-Amz-SignedHeaders=host&response-content-disposition=inline,https://rasta-vehicle-counter.s3.us-east-1.amazonaws.com/vehicle-counter-unprocessed-video/27%20june/075/f00129.mp4?X-Amz-Algorithm=AWS4-HMAC-SHA256&X-Amz-Content-Sha256=UNSIGNED-PAYLOAD&X-Amz-Credential=ASIA47CRV2VXAVDAE5AH%2F20260728%2Fus-east-1%2Fs3%2Faws4_request&X-Amz-Date=20260728T065558Z&X-Amz-Expires=300&X-Amz-Security-Token=IQoJb3JpZ2luX2VjEJf%2F%2F%2F%2F%2F%2F%2F%2F%2F%2FwEaCXVzLWVhc3QtMSJHMEUCIDR31tG15BWNi9HLGJXZqR9XMy9JCSNXjG0UmJkfNiydAiEA1mKvQu19hKsSXJVj%2FnGN1biG%2F7pqA9iZ0WxctZlPH6Uq2gIIYBAAGgw4OTEzNzcwMTQxMjYiDBzZ%2FqwEaY27mm9pBSq3AlbpognVbk8rK7lu3eGnx1TyvT5QU7aiz3wW6TJbphDtqSmUlsJ1CtbgT8FnXHdqqyIo971MSQegaK%2Bn739MnU0QhUDqnJmI0S9l6vhYQ2EcTdjhXWdTOpScoIF9e8c5Tpcn4JbKrogtXdkIWtHrc%2F88qGO9nULvU5w1hvfjW3d2E8HW88RbC%2BZELFlK9DD2W%2FvXdCqqIA%2BZH%2BH0%2Bb9ZERaPsUiT%2FJapq9GirgYGNsRZYV5Kb9%2FaINIS9dLw2dxi39oNhG4IZ0lPKAFoBlORTevAlpJ4a%2F%2FMZJAE2Q1BWZBID2DSlDZhXs4pK9fMTocLvuY7j7RNe8vhYJbEaKRCd4h1jCUUQ2vk1LOS2OIytv4XcLLUTcS8rtR0K9ugHGWjVXTbsyq8kX5hzDdiqNVBZQ8G4bRFpTEkMJOIodMGOq0ChNhz7xuniHHhhcYOAc%2B%2B9%2BWibWJ1EuhR8AnI2AIbQrutsCPnHqTSjZr%2BnUhc6yKWeZe07%2FyzRcH0YkO1ZImCKSZUoLMQgPmb%2FlthlqaRJW3nyIQ8q4I8G4DnuYfN6kCSqUERWYnQvdTRFydVHpGhAjBgWacXxUX7JJg262oStxl6i%2BR5i9GTM3NHGijEZwJSEZyRKv3U5pc6WzJdqDUhxqSiEDs4jyBPBe10Q2H65zt616vI%2BUEnMsZh%2BSUpdNyaznrIme1ZqQxZ8IXrnU%2BR%2FXbv264Omu8xPbWVgrmwhdLFzf32Jp8lqbwSk7pj8vek1%2BYU37N7rHy5I2O4q7osuAq5aQOLd4FDH8uNAXWOlsJ119M4uQVWmLly1alBdBLfjtmmpMD9FA6ylOySqg%3D%3D&X-Amz-Signature=171a91a0ad549530e2d1aa77d7fd66f2f85840ac200c5cf0f898c44f0b3497fb&X-Amz-SignedHeaders=host&response-content-disposition=inline,,,,,,,,,vehicle-counter-unprocessed-video/27 june/075/f00002.mp4,vehicle-counter-unprocessed-video/27 june/075/f00197.mp4
078,6/20/2026 11:11,https://rasta-vehicle-counter.s3.us-east-1.amazonaws.com/vehicle-counter-unprocessed-video/27%20june/078/f00004.mp4?X-Amz-Algorithm=AWS4-HMAC-SHA256&X-Amz-Content-Sha256=UNSIGNED-PAYLOAD&X-Amz-Credential=ASIA47CRV2VXAVDAE5AH%2F20260728%2Fus-east-1%2Fs3%2Faws4_request&X-Amz-Date=20260728T065647Z&X-Amz-Expires=300&X-Amz-Security-Token=IQoJb3JpZ2luX2VjEJf%2F%2F%2F%2F%2F%2F%2F%2F%2F%2FwEaCXVzLWVhc3QtMSJHMEUCIDR31tG15BWNi9HLGJXZqR9XMy9JCSNXjG0UmJkfNiydAiEA1mKvQu19hKsSXJVj%2FnGN1biG%2F7pqA9iZ0WxctZlPH6Uq2gIIYBAAGgw4OTEzNzcwMTQxMjYiDBzZ%2FqwEaY27mm9pBSq3AlbpognVbk8rK7lu3eGnx1TyvT5QU7aiz3wW6TJbphDtqSmUlsJ1CtbgT8FnXHdqqyIo971MSQegaK%2Bn739MnU0QhUDqnJmI0S9l6vhYQ2EcTdjhXWdTOpScoIF9e8c5Tpcn4JbKrogtXdkIWtHrc%2F88qGO9nULvU5w1hvfjW3d2E8HW88RbC%2BZELFlK9DD2W%2FvXdCqqIA%2BZH%2BH0%2Bb9ZERaPsUiT%2FJapq9GirgYGNsRZYV5Kb9%2FaINIS9dLw2dxi39oNhG4IZ0lPKAFoBlORTevAlpJ4a%2F%2FMZJAE2Q1BWZBID2DSlDZhXs4pK9fMTocLvuY7j7RNe8vhYJbEaKRCd4h1jCUUQ2vk1LOS2OIytv4XcLLUTcS8rtR0K9ugHGWjVXTbsyq8kX5hzDdiqNVBZQ8G4bRFpTEkMJOIodMGOq0ChNhz7xuniHHhhcYOAc%2B%2B9%2BWibWJ1EuhR8AnI2AIbQrutsCPnHqTSjZr%2BnUhc6yKWeZe07%2FyzRcH0YkO1ZImCKSZUoLMQgPmb%2FlthlqaRJW3nyIQ8q4I8G4DnuYfN6kCSqUERWYnQvdTRFydVHpGhAjBgWacXxUX7JJg262oStxl6i%2BR5i9GTM3NHGijEZwJSEZyRKv3U5pc6WzJdqDUhxqSiEDs4jyBPBe10Q2H65zt616vI%2BUEnMsZh%2BSUpdNyaznrIme1ZqQxZ8IXrnU%2BR%2FXbv264Omu8xPbWVgrmwhdLFzf32Jp8lqbwSk7pj8vek1%2BYU37N7rHy5I2O4q7osuAq5aQOLd4FDH8uNAXWOlsJ119M4uQVWmLly1alBdBLfjtmmpMD9FA6ylOySqg%3D%3D&X-Amz-Signature=28b4c43e69a45dfe6e841a94de2f09a4e81ef28f6d2c23c0dd10ed00bec9a3ea&X-Amz-SignedHeaders=host&response-content-disposition=inline,https://rasta-vehicle-counter.s3.us-east-1.amazonaws.com/vehicle-counter-unprocessed-video/27%20june/078/f00167.mp4?X-Amz-Algorithm=AWS4-HMAC-SHA256&X-Amz-Content-Sha256=UNSIGNED-PAYLOAD&X-Amz-Credential=ASIA47CRV2VXAVDAE5AH%2F20260728%2Fus-east-1%2Fs3%2Faws4_request&X-Amz-Date=20260728T065828Z&X-Amz-Expires=300&X-Amz-Security-Token=IQoJb3JpZ2luX2VjEJf%2F%2F%2F%2F%2F%2F%2F%2F%2F%2FwEaCXVzLWVhc3QtMSJHMEUCIDR31tG15BWNi9HLGJXZqR9XMy9JCSNXjG0UmJkfNiydAiEA1mKvQu19hKsSXJVj%2FnGN1biG%2F7pqA9iZ0WxctZlPH6Uq2gIIYBAAGgw4OTEzNzcwMTQxMjYiDBzZ%2FqwEaY27mm9pBSq3AlbpognVbk8rK7lu3eGnx1TyvT5QU7aiz3wW6TJbphDtqSmUlsJ1CtbgT8FnXHdqqyIo971MSQegaK%2Bn739MnU0QhUDqnJmI0S9l6vhYQ2EcTdjhXWdTOpScoIF9e8c5Tpcn4JbKrogtXdkIWtHrc%2F88qGO9nULvU5w1hvfjW3d2E8HW88RbC%2BZELFlK9DD2W%2FvXdCqqIA%2BZH%2BH0%2Bb9ZERaPsUiT%2FJapq9GirgYGNsRZYV5Kb9%2FaINIS9dLw2dxi39oNhG4IZ0lPKAFoBlORTevAlpJ4a%2F%2FMZJAE2Q1BWZBID2DSlDZhXs4pK9fMTocLvuY7j7RNe8vhYJbEaKRCd4h1jCUUQ2vk1LOS2OIytv4XcLLUTcS8rtR0K9ugHGWjVXTbsyq8kX5hzDdiqNVBZQ8G4bRFpTEkMJOIodMGOq0ChNhz7xuniHHhhcYOAc%2B%2B9%2BWibWJ1EuhR8AnI2AIbQrutsCPnHqTSjZr%2BnUhc6yKWeZe07%2FyzRcH0YkO1ZImCKSZUoLMQgPmb%2FlthlqaRJW3nyIQ8q4I8G4DnuYfN6kCSqUERWYnQvdTRFydVHpGhAjBgWacXxUX7JJg262oStxl6i%2BR5i9GTM3NHGijEZwJSEZyRKv3U5pc6WzJdqDUhxqSiEDs4jyBPBe10Q2H65zt616vI%2BUEnMsZh%2BSUpdNyaznrIme1ZqQxZ8IXrnU%2BR%2FXbv264Omu8xPbWVgrmwhdLFzf32Jp8lqbwSk7pj8vek1%2BYU37N7rHy5I2O4q7osuAq5aQOLd4FDH8uNAXWOlsJ119M4uQVWmLly1alBdBLfjtmmpMD9FA6ylOySqg%3D%3D&X-Amz-Signature=ab04bc25537843bbe63ef1c4191c6a43a3d985cb4a9932e22b7e673772611c0c&X-Amz-SignedHeaders=host&response-content-disposition=inline,,,,,,,,,vehicle-counter-unprocessed-video/27 june/078/f00004.mp4,vehicle-counter-unprocessed-video/27 june/078/f00164.mp4
082,6/19/2026 11:11,https://rasta-vehicle-counter.s3.us-east-1.amazonaws.com/vehicle-counter-unprocessed-video/27%20june/082/f00017.mp4?X-Amz-Algorithm=AWS4-HMAC-SHA256&X-Amz-Content-Sha256=UNSIGNED-PAYLOAD&X-Amz-Credential=ASIA47CRV2VXAVDAE5AH%2F20260728%2Fus-east-1%2Fs3%2Faws4_request&X-Amz-Date=20260728T070242Z&X-Amz-Expires=300&X-Amz-Security-Token=IQoJb3JpZ2luX2VjEJf%2F%2F%2F%2F%2F%2F%2F%2F%2F%2FwEaCXVzLWVhc3QtMSJHMEUCIDR31tG15BWNi9HLGJXZqR9XMy9JCSNXjG0UmJkfNiydAiEA1mKvQu19hKsSXJVj%2FnGN1biG%2F7pqA9iZ0WxctZlPH6Uq2gIIYBAAGgw4OTEzNzcwMTQxMjYiDBzZ%2FqwEaY27mm9pBSq3AlbpognVbk8rK7lu3eGnx1TyvT5QU7aiz3wW6TJbphDtqSmUlsJ1CtbgT8FnXHdqqyIo971MSQegaK%2Bn739MnU0QhUDqnJmI0S9l6vhYQ2EcTdjhXWdTOpScoIF9e8c5Tpcn4JbKrogtXdkIWtHrc%2F88qGO9nULvU5w1hvfjW3d2E8HW88RbC%2BZELFlK9DD2W%2FvXdCqqIA%2BZH%2BH0%2Bb9ZERaPsUiT%2FJapq9GirgYGNsRZYV5Kb9%2FaINIS9dLw2dxi39oNhG4IZ0lPKAFoBlORTevAlpJ4a%2F%2FMZJAE2Q1BWZBID2DSlDZhXs4pK9fMTocLvuY7j7RNe8vhYJbEaKRCd4h1jCUUQ2vk1LOS2OIytv4XcLLUTcS8rtR0K9ugHGWjVXTbsyq8kX5hzDdiqNVBZQ8G4bRFpTEkMJOIodMGOq0ChNhz7xuniHHhhcYOAc%2B%2B9%2BWibWJ1EuhR8AnI2AIbQrutsCPnHqTSjZr%2BnUhc6yKWeZe07%2FyzRcH0YkO1ZImCKSZUoLMQgPmb%2FlthlqaRJW3nyIQ8q4I8G4DnuYfN6kCSqUERWYnQvdTRFydVHpGhAjBgWacXxUX7JJg262oStxl6i%2BR5i9GTM3NHGijEZwJSEZyRKv3U5pc6WzJdqDUhxqSiEDs4jyBPBe10Q2H65zt616vI%2BUEnMsZh%2BSUpdNyaznrIme1ZqQxZ8IXrnU%2BR%2FXbv264Omu8xPbWVgrmwhdLFzf32Jp8lqbwSk7pj8vek1%2BYU37N7rHy5I2O4q7osuAq5aQOLd4FDH8uNAXWOlsJ119M4uQVWmLly1alBdBLfjtmmpMD9FA6ylOySqg%3D%3D&X-Amz-Signature=6ad25971c68956a3ee79891ab4975245bb81eb177dd98aca872430b9bb999b31&X-Amz-SignedHeaders=host&response-content-disposition=inline,https://rasta-vehicle-counter.s3.us-east-1.amazonaws.com/vehicle-counter-unprocessed-video/27%20june/082/f00004.mp4?X-Amz-Algorithm=AWS4-HMAC-SHA256&X-Amz-Content-Sha256=UNSIGNED-PAYLOAD&X-Amz-Credential=ASIA47CRV2VXAVDAE5AH%2F20260728%2Fus-east-1%2Fs3%2Faws4_request&X-Amz-Date=20260728T065938Z&X-Amz-Expires=300&X-Amz-Security-Token=IQoJb3JpZ2luX2VjEJf%2F%2F%2F%2F%2F%2F%2F%2F%2F%2FwEaCXVzLWVhc3QtMSJHMEUCIDR31tG15BWNi9HLGJXZqR9XMy9JCSNXjG0UmJkfNiydAiEA1mKvQu19hKsSXJVj%2FnGN1biG%2F7pqhttps://rasta-vehicle-counter.s3.us-east-1.amazonaws.com/vehicle-counter-unprocessed-video/27%20june/082/f00086.mp4?X-Amz-Algorithm=AWS4-HMAC-SHA256&X-Amz-Content-Sha256=UNSIGNED-PAYLOAD&X-Amz-Credential=ASIA47CRV2VXEV4YCZKZ%2F20260728%2Fus-east-1%2Fs3%2Faws4_request&X-Amz-Date=20260728T070529Z&X-Amz-Expires=300&X-Amz-Security-Token=IQoJb3JpZ2luX2VjEJj%2F%2F%2F%2F%2F%2F%2F%2F%2F%2FwEaCXVzLWVhc3QtMSJHMEUCIQDiJRclJoknbF5cvgNEbC7QppWku6JWNM4q6JEo1rSwuAIgWAQoYc%2FdT6o4QQKR6UqinbJ7Mo90sUSj4kafGplgjYgq2gIIYBAAGgw4OTEzNzcwMTQxMjYiDB9x0XVOoiylnuOxoiq3Ahrf5ksP0NTrdM2ZnJc3I8EZCvYoMSidCxY%2FFkj2y%2BKivzg%2FQDbP27qsXVlwhqKyH8oKWpNvHhOFXhFU3EMH%2FtnBnqJAzBOSzLAP5EE3aJO8H7ErhizRzae%2FQsyUcq2IIfBRZz5SIJMxA30cSIT7wxJ%2FgbogD%2FTyrKjqAp5R8WxkYhfx5b5ywii9j%2BDbEtD5oQlPFd21JuGbEJ2JpNKhBnS2TDOaIkumvhjZEvHHtcifVLRLQzSMH%2FnbXmBl5iI6Mb4Ua8Jfz88YvNnJtSKHS7b4PG2I3wFQw1GJtnX9kmFP9kkrDqUbjGUbzYtPz2CW9G90gTImfdBR4DES%2FgKuXHwP91vVsS%2BfJ9iM30oT%2FofBDnVLIkg5bYtsht1HpKpCay%2Bwtf3XvPwfEvV4LyB4Iu2al6Y7f1MLMJOIodMGOq0CT0sggYTSbwIv9TeHGZgmbo%2BWeDUJUi1ZWdvQmEsl4O1EPniHnnJc9%2BudLZqjo0irjZPmmwTpFTBRA5ZU0EF%2BZi%2F37TcwuNat5S3geOhTq3scyq7z2nKxsrSDjrrDoK38E5r5z29acw2kGXEgJpTFo5s%2B3fCWGyW%2FtWSguulifPFE9OfBfbWnSj9%2BWqqmYFVxo3ThacDOaszDs1EpOmWhg%2Be4o%2BQaapkwSQ%2BlkygUxY0%2FIB%2B2ctpidkpl0InYGxgONlChHHYtGFAE5Dcvim%2BDXQfImBNYpWsMKwAbgGqsngdpr7yKLSifC8VurIGJzDwPHmEM94Zp9y9u0Fmi1kgI9IyDmMBaZ4DM%2FpLkth4QwPDXy0J6dHcE87kUXKh%2FqsXOIItMTBqMomthEznkNQ%3D%3D&X-Amz-Signature=4afb1e45ad9e7443d5733093fb502bc6a45ec7580f91ba1c4c1430c14f8cd8b6&X-Amz-SignedHeaders=host&response-content-disposition=inlineA9iZ0WxctZlPH6Uq2gIIYBAAGgw4OTEzNzcwMTQxMjYiDBzZ%2FqwEaY27mm9pBSq3AlbpognVbk8rK7lu3eGnx1TyvT5QU7aiz3wW6TJbphDtqSmUlsJ1CtbgT8FnXHdqqyIo971MSQegaK%2Bn739MnU0QhUDqnJmI0S9l6vhYQ2EcTdjhXWdTOpScoIF9e8c5Tpcn4JbKrogtXdkIWtHrc%2F88qGO9nULvU5w1hvfjW3d2E8HW88RbC%2BZELFlK9DD2W%2FvXdCqqIA%2BZH%2BH0%2Bb9ZERaPsUiT%2FJapq9GirgYGNsRZYV5Kb9%2FaINIS9dLw2dxi39oNhG4IZ0lPKAFoBlORTevAlpJ4a%2F%2FMZJAE2Q1BWZBID2DSlDZhXs4pK9fMTocLvuY7j7RNe8vhYJbEaKRCd4h1jCUUQ2vk1LOS2OIytv4XcLLUTcS8rtR0K9ugHGWjVXTbsyq8kX5hzDdiqNVBZQ8G4bRFpTEkMJOIodMGOq0ChNhz7xuniHHhhcYOAc%2B%2B9%2BWibWJ1EuhR8AnI2AIbQrutsCPnHqTSjZr%2BnUhc6yKWeZe07%2FyzRcH0YkO1ZImCKSZUoLMQgPmb%2FlthlqaRJW3nyIQ8q4I8G4DnuYfN6kCSqUERWYnQvdTRFydVHpGhAjBgWacXxUX7JJg262oStxl6i%2BR5i9GTM3NHGijEZwJSEZyRKv3U5pc6WzJdqDUhxqSiEDs4jyBPBe10Q2H65zt616vI%2BUEnMsZh%2BSUpdNyaznrIme1ZqQxZ8IXrnU%2BR%2FXbv264Omu8xPbWVgrmwhdLFzf32Jp8lqbwSk7pj8vek1%2BYU37N7rHy5I2O4q7osuAq5aQOLd4FDH8uNAXWOlsJ119M4uQVWmLly1alBdBLfjtmmpMD9FA6ylOySqg%3D%3D&X-Amz-Signature=f485db6afc305724f926955dc8775c4e9ae40bd8a097be85631362947a8a587a&X-Amz-SignedHeaders=host&response-content-disposition=inline,,,,,,,,,vehicle-counter-unprocessed-video/27 june/082/f00040.mp4,vehicle-counter-unprocessed-video/27 june/082/f00004.mp4
083,6/20/2026 11:11,https://rasta-vehicle-counter.s3.us-east-1.amazonaws.com/vehicle-counter-unprocessed-video/27%20june/083/f00250.mp4?X-Amz-Algorithm=AWS4-HMAC-SHA256&X-Amz-Content-Sha256=UNSIGNED-PAYLOAD&X-Amz-Credential=ASIA47CRV2VXNNP2GEFC%2F20260728%2Fus-east-1%2Fs3%2Faws4_request&X-Amz-Date=20260728T071843Z&X-Amz-Expires=300&X-Amz-Security-Token=IQoJb3JpZ2luX2VjEJj%2F%2F%2F%2F%2F%2F%2F%2F%2F%2FwEaCXVzLWVhc3QtMSJHMEUCIQCpEw%2FNMchxdNm%2Fr5Br6WUAJVc6yfGbWxOCOUkBMgojkQIgOBtcXzUt0p2hZJfyL9LvAvppgwQ%2F7dgG21adRSvJQPQq2gIIYBAAGgw4OTEzNzcwMTQxMjYiDJcGUIqLCJm%2BdM%2F1Eiq3Av48KwwTfufi1xafHjpQ5RsxX%2BldWr2IeZkSghOeRpy0DL5y9Q90Za4Q4ceEa1T9gTBibDYK6QqzRoX126p9O%2BcSa%2BiVU0mzk8pGiVmFUemTcDr8uHI9Ksa4kgGAPWMxtexMoK7hlfbV1ICGgz%2F%2Fto2mXmUBCGJOoIJ%2BeNVU8fPtS9TxqlID%2FcVentGTwJZuc6%2FjbywMs4r2k9ehmkOZ%2F3a3e3Rmchzz7lbbCljSmpho68upNCjSmgXFdQ05Fpef3bGx9YyDhtgwcqHFfrq%2Ftho0Jb3vuQFtOf02SScRRIjHayWxSkq%2FQUKC9vrviXuKSlX1K3lQv9arr%2F7u5U1JHKD%2B%2BoiYt32YWHoaZrcr1R189UwzA5TxVSxBHueCT0LNIQ8VBocJJ6NiBUHT6dCsUfHPAAFXBr%2FxMJOIodMGOq0CCVqCBdbASjmIv5NiPPcjglNwL2AFnoGC8c6101JqCazQyLWkI7XmND86BaJZnibekP3N0jRrWDmULlKhqA10Mcul3inJGN8%2BiX9lnh%2FcSKuu4Nw7hHWu0Gn4bfCF6aLm7R6pFU%2Fk6mVBL78LAS%2BPqw%2FWld9t9hWrjqGAfGFZ8n%2Ffh1N06jOyhntKgZxo6ctkcgzK8IET2dBdi5bkpx5qa6iZhxBpGCNmSvjpvXJwKwCg7kSJ6kgHm4JjczaA87hF79vFNV6nkZ1FOGCzLIuTfvVd8jesPwfSEsFsSjHfbUR1EtABDPK%2Bw0oJHjvg80Fg62VPcyJOFOMS9LQAbnYXjHnqRQlsx2JbRm0RiRuYuY%2FtBzPFVA%2BqkGFq9jeEXXQz6PEpD0PXt2R%2FLFmCag%3D%3D&X-Amz-Signature=5a280f0468c176f85fea1ca1e41024508efa714a3f3a08ec7cfb8024fd5848fd&X-Amz-SignedHeaders=host&response-content-disposition=inline,https://rasta-vehicle-counter.s3.us-east-1.amazonaws.com/vehicle-counter-unprocessed-video/27%20june/083/f00003.mp4?X-Amz-Algorithm=AWS4-HMAC-SHA256&X-Amz-Content-Sha256=UNSIGNED-PAYLOAD&X-Amz-Credential=ASIA47CRV2VXNNP2GEFC%2F20260728%2Fus-east-1%2Fs3%2Faws4_request&X-Amz-Date=20260728T071531Z&X-Amz-Expires=300&X-Amz-Security-Token=IQoJb3JpZ2luX2VjEJj%2F%2F%2F%2F%2F%2F%2F%2F%2F%2FwEaCXVzLWVhc3QtMSJHMEUCIQCpEw%2FNMchxdNm%2Fr5Br6WUAJVc6yfGbWxOCOUkBMgojkQIgOBtcXzUt0p2hZJfyL9LvAvppgwQ%2F7dgG21adRSvJQPQq2gIIYBAAGgw4OTEzNzcwMTQxMjYiDJcGUIqLCJm%2BdM%2F1Eiq3Av48KwwTfufi1xafHjpQ5RsxX%2BldWr2IeZkSghOeRpy0DL5y9Q90Za4Q4ceEa1T9gTBibDYK6QqzRoX126p9O%2BcSa%2BiVU0mzk8pGiVmFUemTcDr8uHI9Ksa4kgGAPWMxtexMoK7hlfbV1ICGgz%2F%2Fto2mXmUBCGJOoIJ%2BeNVU8fPtS9TxqlID%2FcVentGTwJZuc6%2FjbywMs4r2k9ehmkOZ%2F3a3e3Rmchzz7lbbCljSmpho68upNCjSmgXFdQ05Fpef3bGx9YyDhtgwcqHFfrq%2Ftho0Jb3vuQFtOf02SScRRIjHayWxSkq%2FQUKC9vrviXuKSlX1K3lQv9arr%2F7u5U1JHKD%2B%2BoiYt32YWHoaZrcr1R189UwzA5TxVSxBHueCT0LNIQ8VBocJJ6NiBUHT6dCsUfHPAAFXBr%2FxMJOIodMGOq0CCVqCBdbASjmIv5NiPPcjglNwL2AFnoGC8c6101JqCazQyLWkI7XmND86BaJZnibekP3N0jRrWDmULlKhqA10Mcul3inJGN8%2BiX9lnh%2FcSKuu4Nw7hHWu0Gn4bfCF6aLm7R6pFU%2Fk6mVBL78LAS%2BPqw%2FWld9t9hWrjqGAfGFZ8n%2Ffh1N06jOyhntKgZxo6ctkcgzK8IET2dBdi5bkpx5qa6iZhxBpGCNmSvjpvXJwKwCg7kSJ6kgHm4JjczaA87hF79vFNV6nkZ1FOGCzLIuTfvVd8jesPwfSEsFsSjHfbUR1EtABDPK%2Bw0oJHjvg80Fg62VPcyJOFOMS9LQAbnYXjHnqRQlsx2JbRm0RiRuYuY%2FtBzPFVA%2BqkGFq9jeEXXQz6PEpD0PXt2R%2FLFmCag%3D%3D&X-Amz-Signature=78d5ec56df5850439821792d4e83e1d88b37857322e29ffe2a716c22dadb353b&X-Amz-SignedHeaders=host&response-content-disposition=inline,,,,,,,,,vehicle-counter-unprocessed-video/27 june/083/f00215.mp4,vehicle-counter-unprocessed-video/27 june/083/f00003.mp4
085,6/18/2026 11:11,https://rasta-vehicle-counter.s3.us-east-1.amazonaws.com/vehicle-counter-unprocessed-video/27%20june/085/f00002.mp4?X-Amz-Algorithm=AWS4-HMAC-SHA256&X-Amz-Content-Sha256=UNSIGNED-PAYLOAD&X-Amz-Credential=ASIA47CRV2VXNNP2GEFC%2F20260728%2Fus-east-1%2Fs3%2Faws4_request&X-Amz-Date=20260728T072043Z&X-Amz-Expires=300&X-Amz-Security-Token=IQoJb3JpZ2luX2VjEJj%2F%2F%2F%2F%2F%2F%2F%2F%2F%2FwEaCXVzLWVhc3QtMSJHMEUCIQCpEw%2FNMchxdNm%2Fr5Br6WUAJVc6yfGbWxOCOUkBMgojkQIgOBtcXzUt0p2hZJfyL9LvAvppgwQ%2F7dgG21adRSvJQPQq2gIIYBAAGgw4OTEzNzcwMTQxMjYiDJcGUIqLCJm%2BdM%2F1Eiq3Av48KwwTfufi1xafHjpQ5RsxX%2BldWr2IeZkSghOeRpy0DL5y9Q90Za4Q4ceEa1T9gTBibDYK6QqzRoX126p9O%2BcSa%2BiVU0mzk8pGiVmFUemTcDr8uHI9Ksa4kgGAPWMxtexMoK7hlfbV1ICGgz%2F%2Fto2mXmUBCGJOoIJ%2BeNVU8fPtS9TxqlID%2FcVentGTwJZuc6%2FjbywMs4r2k9ehmkOZ%2F3a3e3Rmchzz7lbbCljSmpho68upNCjSmgXFdQ05Fpef3bGx9YyDhtgwcqHFfrq%2Ftho0Jb3vuQFtOf02SScRRIjHayWxSkq%2FQUKC9vrviXuKSlX1K3lQv9arr%2F7u5U1JHKD%2B%2BoiYt32YWHoaZrcr1R189UwzA5TxVSxBHueCT0LNIQ8VBocJJ6NiBUHT6dCsUfHPAAFXBr%2FxMJOIodMGOq0CCVqCBdbASjmIv5NiPPcjglNwL2AFnoGC8c6101JqCazQyLWkI7XmND86BaJZnibekP3N0jRrWDmULlKhqA10Mcul3inJGN8%2BiX9lnh%2FcSKuu4Nw7hHWu0Gn4bfCF6aLm7R6pFU%2Fk6mVBL78LAS%2BPqw%2FWld9t9hWrjqGAfGFZ8n%2Ffh1N06jOyhntKgZxo6ctkcgzK8IET2dBdi5bkpx5qa6iZhxBpGCNmSvjpvXJwKwCg7kSJ6kgHm4JjczaA87hF79vFNV6nkZ1FOGCzLIuTfvVd8jesPwfSEsFsSjHfbUR1EtABDPK%2Bw0oJHjvg80Fg62VPcyJOFOMS9LQAbnYXjHnqRQlsx2JbRm0RiRuYuY%2FtBzPFVA%2BqkGFq9jeEXXQz6PEpD0PXt2R%2FLFmCag%3D%3D&X-Amz-Signature=ede96edbfb545b10adff61030ccd5e17158b0ebd31bcd44d7963172eb58a6c23&X-Amz-SignedHeaders=host&response-content-disposition=inline,https://rasta-vehicle-counter.s3.us-east-1.amazonaws.com/vehicle-counter-unprocessed-video/27%20june/085/f00085.mp4?X-Amz-Algorithm=AWS4-HMAC-SHA256&X-Amz-Content-Sha256=UNSIGNED-PAYLOAD&X-Amz-Credential=ASIA47CRV2VXNNP2GEFC%2F20260728%2Fus-east-1%2Fs3%2Faws4_request&X-Amz-Date=20260728T072300Z&X-Amz-Expires=300&X-Amz-Security-Token=IQoJb3JpZ2luX2VjEJj%2F%2F%2F%2F%2F%2F%2F%2F%2F%2FwEaCXVzLWVhc3QtMSJHMEUCIQCpEw%2FNMchxdNm%2Fr5Br6WUAJVc6yfGbWxOCOUkBMgojkQIgOBtcXzUt0p2hZJfyL9LvAvppgwQ%2F7dgG21adRSvJQPQq2gIIYBAAGgw4OTEzNzcwMTQxMjYiDJcGUIqLCJm%2BdM%2F1Eiq3Av48KwwTfufi1xafHjpQ5RsxX%2BldWr2IeZkSghOeRpy0DL5y9Q90Za4Q4ceEa1T9gTBibDYK6QqzRoX126p9O%2BcSa%2BiVU0mzk8pGiVmFUemTcDr8uHI9Ksa4kgGAPWMxtexMoK7hlfbV1ICGgz%2F%2Fto2mXmUBCGJOoIJ%2BeNVU8fPtS9TxqlID%2FcVentGTwJZuc6%2FjbywMs4r2k9ehmkOZ%2F3a3e3Rmchzz7lbbCljSmpho68upNCjSmgXFdQ05Fpef3bGx9YyDhtgwcqHFfrq%2Ftho0Jb3vuQFtOf02SScRRIjHayWxSkq%2FQUKC9vrviXuKSlX1K3lQv9arr%2F7u5U1JHKD%2B%2BoiYt32YWHoaZrcr1R189UwzA5TxVSxBHueCT0LNIQ8VBocJJ6NiBUHT6dCsUfHPAAFXBr%2FxMJOIodMGOq0CCVqCBdbASjmIv5NiPPcjglNwL2AFnoGC8c6101JqCazQyLWkI7XmND86BaJZnibekP3N0jRrWDmULlKhqA10Mcul3inJGN8%2BiX9lnh%2FcSKuu4Nw7hHWu0Gn4bfCF6aLm7R6pFU%2Fk6mVBL78LAS%2BPqw%2FWld9t9hWrjqGAfGFZ8n%2Ffh1N06jOyhntKgZxo6ctkcgzK8IET2dBdi5bkpx5qa6iZhxBpGCNmSvjpvXJwKwCg7kSJ6kgHm4JjczaA87hF79vFNV6nkZ1FOGCzLIuTfvVd8jesPwfSEsFsSjHfbUR1EtABDPK%2Bw0oJHjvg80Fg62VPcyJOFOMS9LQAbnYXjHnqRQlsx2JbRm0RiRuYuY%2FtBzPFVA%2BqkGFq9jeEXXQz6PEpD0PXt2R%2FLFmCag%3D%3D&X-Amz-Signature=d2abfb9dcf25ac1d41819c7b65c92d79caf70dce54519589036b767767eb61d9&X-Amz-SignedHeaders=host&response-content-disposition=inline,,,,,,,,,vehicle-counter-unprocessed-video/27 june/085/f00002.mp4,vehicle-counter-unprocessed-video/27 june/085/f00010.mp4
086,6/20/2026 11:11,https://rasta-vehicle-counter.s3.us-east-1.amazonaws.com/vehicle-counter-unprocessed-video/27%20june/086/f00190.mp4?X-Amz-Algorithm=AWS4-HMAC-SHA256&X-Amz-Content-Sha256=UNSIGNED-PAYLOAD&X-Amz-Credential=ASIA47CRV2VXHAH2DP3B%2F20260728%2Fus-east-1%2Fs3%2Faws4_request&X-Amz-Date=20260728T072700Z&X-Amz-Expires=300&X-Amz-Security-Token=IQoJb3JpZ2luX2VjEJj%2F%2F%2F%2F%2F%2F%2F%2F%2F%2FwEaCXVzLWVhc3QtMSJIMEYCIQDFUD9FiA3qhJAKfp%2B1HAteKLcKKxge%2FcBHWNa7C6%2BIcwIhAKQEP%2F7GJoox9XcNCYaHkCmIKDzUJ1o9LnYD1st59lNaKtoCCGEQABoMODkxMzc3MDE0MTI2IgxJBksGK7ljo6CtH0IqtwJWviGcWul%2BWJ1RZKVu9Zrj9IcdHDxRxqQgkZkq%2BHV0He5TPdtshm%2B%2Fn8uzeM4R%2BndeqrtGEjfFa%2Bh5ecrs1kcC51p5n4DKX6t%2FO%2BlASySzMlBaGVKbFo%2Bw6NOGcdeHf%2FMuJyWagfR9tx86AkqS0Z%2BwRuJLFAveO9Ue4yfCs2lpObC1PA%2BMtVF7UwY%2FsP9nKN57nbzUF5iwvwXfrtrauFB9IhWO0ve%2BBSgwrJlSwNWlnuyjwvygM8cbqtFdcB9nh4XxOVqKqxPU2WDyRDswqHhJQUiQ7b6w8ypEpeUT35A%2B445yUONOZBYGELs9%2FJNKdYlK7di0ftkHxMbxXUF38YZUN1YXRLreMJjYnBQFAPB%2BfHVhqBDE45LAiFHrQuVXW2X%2BLyngcFx6PyAmXAKHps1GZScLdF41HTCTiKHTBjqsAnc6xvd210R%2FjQCJ%2FfaklJ8WwPuvc4696HUwAYRclEq90HD4tdmycQf4%2FIFZWBgwnd68CW8iYANI4O%2BwkS%2F9%2B37gEOQAN9el5f1Ais3K4wIxkrrCuad2Ex7TAAB405xF%2FjjRv0sjBHmoktd4%2B4Clup003v6dxF0Yt9mX%2FW7SR5FawjNOUNx%2FnkGQGnOTHa5ySPVrKGJaRkEI5Av4c9hpBCEYzz%2FBiDPaCAmOwwuoOtL9z4FQjjMYfEPmyfxtAtfsRIRmj9UppBmqSHdAPHuCtCKPDAZ%2Fd31fiNieHzihcesQsD8hbBBBT53qVcVNqV%2FXQ%2Fnvoe1V2YKcrkYvSuW4Fy2jgG9ocHH24AYXN7Y0da6hFGqOK4Lb7iFbgxQJh7IPMdjwS5d3LcKB9hzk9g%3D%3D&X-Amz-Signature=0f9c86a8e7e64245b9878796a876443d428acc40d9a8e1e136f107533e4ed4bd&X-Amz-SignedHeaders=host&response-content-disposition=inline,https://rasta-vehicle-counter.s3.us-east-1.amazonaws.com/vehicle-counter-unprocessed-video/27%20june/086/f00002.mp4?X-Amz-Algorithm=AWS4-HMAC-SHA256&X-Amz-Content-Sha256=UNSIGNED-PAYLOAD&X-Amz-Credential=ASIA47CRV2VXNNP2GEFC%2F20260728%2Fus-east-1%2Fs3%2Faws4_request&X-Amz-Date=20260728T072453Z&X-Amz-Expires=300&X-Amz-Security-Token=IQoJb3JpZ2luX2VjEJj%2F%2F%2F%2F%2F%2F%2F%2F%2F%2FwEaCXVzLWVhc3QtMSJHMEUCIQCpEw%2FNMchxdNm%2Fr5Br6WUAJVc6yfGbWxOCOUkBMgojkQIgOBtcXzUt0p2hZJfyL9LvAvppgwQ%2F7dgG21adRSvJQPQq2gIIYBAAGgw4OTEzNzcwMTQxMjYiDJcGUIqLCJm%2BdM%2F1Eiq3Av48KwwTfufi1xafHjpQ5RsxX%2BldWr2IeZkSghOeRpy0DL5y9Q90Za4Q4ceEa1T9gTBibDYK6QqzRoX126p9O%2BcSa%2BiVU0mzk8pGiVmFUemTcDr8uHI9Ksa4kgGAPWMxtexMoK7hlfbV1ICGgz%2F%2Fto2mXmUBCGJOoIJ%2BeNVU8fPtS9TxqlID%2FcVentGTwJZuc6%2FjbywMs4r2k9ehmkOZ%2F3a3e3Rmchzz7lbbCljSmpho68upNCjSmgXFdQ05Fpef3bGx9YyDhtgwcqHFfrq%2Ftho0Jb3vuQFtOf02SScRRIjHayWxSkq%2FQUKC9vrviXuKSlX1K3lQv9arr%2F7u5U1JHKD%2B%2BoiYt32YWHoaZrcr1R189UwzA5TxVSxBHueCT0LNIQ8VBocJJ6NiBUHT6dCsUfHPAAFXBr%2FxMJOIodMGOq0CCVqCBdbASjmIv5NiPPcjglNwL2AFnoGC8c6101JqCazQyLWkI7XmND86BaJZnibekP3N0jRrWDmULlKhqA10Mcul3inJGN8%2BiX9lnh%2FcSKuu4Nw7hHWu0Gn4bfCF6aLm7R6pFU%2Fk6mVBL78LAS%2BPqw%2FWld9t9hWrjqGAfGFZ8n%2Ffh1N06jOyhntKgZxo6ctkcgzK8IET2dBdi5bkpx5qa6iZhxBpGCNmSvjpvXJwKwCg7kSJ6kgHm4JjczaA87hF79vFNV6nkZ1FOGCzLIuTfvVd8jesPwfSEsFsSjHfbUR1EtABDPK%2Bw0oJHjvg80Fg62VPcyJOFOMS9LQAbnYXjHnqRQlsx2JbRm0RiRuYuY%2FtBzPFVA%2BqkGFq9jeEXXQz6PEpD0PXt2R%2FLFmCag%3D%3D&X-Amz-Signature=f123274754039fa839bf59ccd993c451c0de3330860689d3455c9e3769f56404&X-Amz-SignedHeaders=host&response-content-disposition=inline,,,,,,,,,vehicle-counter-unprocessed-video/27 june/086/f00010.mp4,vehicle-counter-unprocessed-video/27 june/086/f00002.mp4
090,6/23/2026 11:11,https://rasta-vehicle-counter.s3.us-east-1.amazonaws.com/vehicle-counter-unprocessed-video/27%20june/090/f00134.mp4?X-Amz-Algorithm=AWS4-HMAC-SHA256&X-Amz-Content-Sha256=UNSIGNED-PAYLOAD&X-Amz-Credential=ASIA47CRV2VXI6LCAZZA%2F20260728%2Fus-east-1%2Fs3%2Faws4_request&X-Amz-Date=20260728T074154Z&X-Amz-Expires=300&X-Amz-Security-Token=IQoJb3JpZ2luX2VjEJj%2F%2F%2F%2F%2F%2F%2F%2F%2F%2FwEaCXVzLWVhc3QtMSJHMEUCIQC%2FDveRVx16YbRpsuCDpyZusQ1eyXn5VKaQvu6ibjjCigIgchQDwbhcQuM80nKrQJ9sxp9pzv%2BgszCVD%2FydY8QwjMYq2gIIYRAAGgw4OTEzNzcwMTQxMjYiDLeTDeSQsy16kN%2BrViq3Au4%2BKXQ99uHH9itnQ1wQp7w2zuCX8xi7inmwYG7RWxvlWiutmYQzIF5xwWnePOVwDSdWacCsLnjPgf0L4Uc6WOM4CbaO6YY8ItvsjzbbOJ7OEVHNvEtEDhXnWSGA3gVK0VEyU6m45zuJwBj1dw%2BrXAAMqMgFeD9KEZQDB8LNYP%2BNxCTYBsmIj75ELWCOhLU7L8N8jUJ0QU8nzHnkRiBKzlirewup3%2FrWXK45viMjmcJNoJgFkuME%2FdI7%2FDrl%2FFMnjKaGGq3lw88IksdKrL%2BAFixGF7lATJELMC%2FrtsjTENdQfmIyNIOL8ozkTqoqERXs%2F5oje%2FtclalTLYQkPE8dNaFabjZ%2BRBU8bjphOy1R4qwdYdXVOX32%2BMH%2B8b6ZbqkvECAWRmcR1b2i%2Bo%2F3NJSCqj%2FoJxHrXU8uMJOIodMGOq0ClNGA3%2FiSHy6v3mAZHHPVe7fR9UWjrF9dxXBJJp23ajVo1smMeqSUc2c4lVsPkGemzBp9ouwRkYjbmwSL4TOqnlf62xV3CMlSxhbM3OdulKYUFCJ%2F8NrcuZGDed6kY32uauDEdJJIm202vhFUsseMlzWQjkuTaUjiVv5hD%2FsCqW0i4kELgri8wno7Dp8IyTNxgOXk%2FlQpkXYs%2FgL4aUbr%2FhK3ZoPPeRDw6RSs6asCHQhGH5loO4kix7fXBu7Azq3AKBroUsc%2F0%2BIDXa8zlPdIMHzB3%2FPmzhVNs4IvNrLK5mcbnha7FCePc2SzKmc6gVM7p9LKj8nPnLiQ5XMGl9uUZz6xYaZr7DWG2%2F3km1wXPIXPtJkkMRgfcZCrq%2BoKw4dmFcsnGEiKyKmjs3XZ%2Fg%3D%3D&X-Amz-Signature=52a79fbc1c5c3685de06875511f46a1cfe9044996c6ef2f8c522c4d368ca047a&X-Amz-SignedHeaders=host&response-content-disposition=inline,https://rasta-vehicle-counter.s3.us-east-1.amazonaws.com/vehicle-counter-unprocessed-video/27%20june/090/f00160.mp4?X-Amz-Algorithm=AWS4-HMAC-SHA256&X-Amz-Content-Sha256=UNSIGNED-PAYLOAD&X-Amz-Credential=ASIA47CRV2VXI6LCAZZA%2F20260728%2Fus-east-1%2Fs3%2Faws4_request&X-Amz-Date=20260728T073821Z&X-Amz-Expires=300&X-Amz-Security-Token=IQoJb3JpZ2luX2VjEJj%2F%2F%2F%2F%2F%2F%2F%2F%2F%2FwEaCXVzLWVhc3QtMSJHMEUCIQC%2FDveRVx16YbRpsuCDpyZusQ1eyXn5VKaQvu6ibjjCigIgchQDwbhcQuM80nKrQJ9sxp9pzv%2BgszCVD%2FydY8QwjMYq2gIIYRAAGgw4OTEzNzcwMTQxMjYiDLeTDeSQsy16kN%2BrViq3Au4%2BKXQ99uHH9itnQ1wQp7w2zuCX8xi7inmwYG7RWxvlWiutmYQzIF5xwWnePOVwDSdWacCsLnjPgf0L4Uc6WOM4CbaO6YY8ItvsjzbbOJ7OEVHNvEtEDhXnWSGA3gVK0VEyU6m45zuJwBj1dw%2BrXAAMqMgFeD9KEZQDB8LNYP%2BNxCTYBsmIj75ELWCOhLU7L8N8jUJ0QU8nzHnkRiBKzlirewup3%2FrWXK45viMjmcJNoJgFkuME%2FdI7%2FDrl%2FFMnjKaGGq3lw88IksdKrL%2BAFixGF7lATJELMC%2FrtsjTENdQfmIyNIOL8ozkTqoqERXs%2F5oje%2FtclalTLYQkPE8dNaFabjZ%2BRBU8bjphOy1R4qwdYdXVOX32%2BMH%2B8b6ZbqkvECAWRmcR1b2i%2Bo%2F3NJSCqj%2FoJxHrXU8uMJOIodMGOq0ClNGA3%2FiSHy6v3mAZHHPVe7fR9UWjrF9dxXBJJp23ajVo1smMeqSUc2c4lVsPkGemzBp9ouwRkYjbmwSL4TOqnlf62xV3CMlSxhbM3OdulKYUFCJ%2F8NrcuZGDed6kY32uauDEdJJIm202vhFUsseMlzWQjkuTaUjiVv5hD%2FsCqW0i4kELgri8wno7Dp8IyTNxgOXk%2FlQpkXYs%2FgL4aUbr%2FhK3ZoPPeRDw6RSs6asCHQhGH5loO4kix7fXBu7Azq3AKBroUsc%2F0%2BIDXa8zlPdIMHzB3%2FPmzhVNs4IvNrLK5mcbnha7FCePc2SzKmc6gVM7p9LKj8nPnLiQ5XMGl9uUZz6xYaZr7DWG2%2F3km1wXPIXPtJkkMRgfcZCrq%2BoKw4dmFcsnGEiKyKmjs3XZ%2Fg%3D%3D&X-Amz-Signature=2f3ae1afb5eb6f335c6b535bfcabdba84a60e99ea60b1ee2d8c93418c06b6a07&X-Amz-SignedHeaders=host&response-content-disposition=inline,,,,,,,,,vehicle-counter-unprocessed-video/27 june/090/f00163.mp4,vehicle-counter-unprocessed-video/27 june/090/f00004.mp4
,,,,,,,,,,,,,
,,,,,,,,,29-Jun,,,,
001,6/21/2026 11:11,https://rasta-vehicle-counter.s3.us-east-1.amazonaws.com/vehicle-counter-unprocessed-video/29%20june/001/f00003.mp4?X-Amz-Algorithm=AWS4-HMAC-SHA256&X-Amz-Content-Sha256=UNSIGNED-PAYLOAD&X-Amz-Credential=ASIA47CRV2VXI6LCAZZA%2F20260728%2Fus-east-1%2Fs3%2Faws4_request&X-Amz-Date=20260728T074508Z&X-Amz-Expires=300&X-Amz-Security-Token=IQoJb3JpZ2luX2VjEJj%2F%2F%2F%2F%2F%2F%2F%2F%2F%2FwEaCXVzLWVhc3QtMSJHMEUCIQC%2FDveRVx16YbRpsuCDpyZusQ1eyXn5VKaQvu6ibjjCigIgchQDwbhcQuM80nKrQJ9sxp9pzv%2BgszCVD%2FydY8QwjMYq2gIIYRAAGgw4OTEzNzcwMTQxMjYiDLeTDeSQsy16kN%2BrViq3Au4%2BKXQ99uHH9itnQ1wQp7w2zuCX8xi7inmwYG7RWxvlWiutmYQzIF5xwWnePOVwDSdWacCsLnjPgf0L4Uc6WOM4CbaO6YY8ItvsjzbbOJ7OEVHNvEtEDhXnWSGA3gVK0VEyU6m45zuJwBj1dw%2BrXAAMqMgFeD9KEZQDB8LNYP%2BNxCTYBsmIj75ELWCOhLU7L8N8jUJ0QU8nzHnkRiBKzlirewup3%2FrWXK45viMjmcJNoJgFkuME%2FdI7%2FDrl%2FFMnjKaGGq3lw88IksdKrL%2BAFixGF7lATJELMC%2FrtsjTENdQfmIyNIOL8ozkTqoqERXs%2F5oje%2FtclalTLYQkPE8dNaFabjZ%2BRBU8bjphOy1R4qwdYdXVOX32%2BMH%2B8b6ZbqkvECAWRmcR1b2i%2Bo%2F3NJSCqj%2FoJxHrXU8uMJOIodMGOq0ClNGA3%2FiSHy6v3mAZHHPVe7fR9UWjrF9dxXBJJp23ajVo1smMeqSUc2c4lVsPkGemzBp9ouwRkYjbmwSL4TOqnlf62xV3CMlSxhbM3OdulKYUFCJ%2F8NrcuZGDed6kY32uauDEdJJIm202vhFUsseMlzWQjkuTaUjiVv5hD%2FsCqW0i4kELgri8wno7Dp8IyTNxgOXk%2FlQpkXYs%2FgL4aUbr%2FhK3ZoPPeRDw6RSs6asCHQhGH5loO4kix7fXBu7Azq3AKBroUsc%2F0%2BIDXa8zlPdIMHzB3%2FPmzhVNs4IvNrLK5mcbnha7FCePc2SzKmc6gVM7p9LKj8nPnLiQ5XMGl9uUZz6xYaZr7DWG2%2F3km1wXPIXPtJkkMRgfcZCrq%2BoKw4dmFcsnGEiKyKmjs3XZ%2Fg%3D%3D&X-Amz-Signature=babad96aed5218fbdf47f251ed8b41595af40b6a7656125743cba7de4570f834&X-Amz-SignedHeaders=host&response-content-disposition=inline,https://rasta-vehicle-counter.s3.us-east-1.amazonaws.com/vehicle-counter-unprocessed-video/29%20june/001/f00153.mp4?X-Amz-Algorithm=AWS4-HMAC-SHA256&X-Amz-Content-Sha256=UNSIGNED-PAYLOAD&X-Amz-Credential=ASIA47CRV2VXLE4W4TUM%2F20260728%2Fus-east-1%2Fs3%2Faws4_request&X-Amz-Date=20260728T075301Z&X-Amz-Expires=300&X-Amz-Security-Token=IQoJb3JpZ2luX2VjEJj%2F%2F%2F%2F%2F%2F%2F%2F%2F%2FwEaCXVzLWVhc3QtMSJHMEUCIHX%2B4ZpLrQINGTO29BqA7G1QYMiRIxl%2BnM7mFhI2Sz%2BlAiEAjFkwiv89PvBc1b1Cr4K20ruzISE9r%2Bj5DxFLPrPvyN0q2gIIYRAAGgw4OTEzNzcwMTQxMjYiDBZ3JoHh4amCGAHB2Sq3Ai1MNedLmRDsMQnBCbQUQGFjKxrKTYQD2JzsYwXRi8moFFe6tjLWXoWRlZMvk6XLUSd%2FVzflLcsbplRRjWozFwieYmnUGhEFrcZFIXv%2Bq2yzi7W%2FDfa17ozwk4hwZ6ctylzJW5VkgqQb7NyFwm6WO1eLFdcQpCnXOXRfihWZCLRnYvQWkWMsxL5TnANvyCwfmeiUgOurR3fOpkpicvwveBPf8KBkq5l7CsoY468VNucrM5kxE%2BVVH6GthTAw3qshPIpIAGSSNUCdtkO4QX1QZOhYwbdQG0AZas%2BBhv7IPjQDOHP6Kc7yC5uNNA%2F4211fry4XW55RsAPTPA5am82mcyZI2CIxCugfLSXns9NpLO1f94dJkF0fyJjKjU0FQawAKPu34Ep01uoEOiIzU7gYdvMitVmCdSxUMJOIodMGOq0Cgp8mhE1K67mV26h5IMQHTOgyMRjp5xJEuQJMpXKhsz1RgOyAJr%2FCboa8n8bUGy1%2F7kdr41brrD4aI%2BHSuXlDRjVIq%2BRKEbDiAWUGkKfzVHYKxwwqscT9LG7ohjpjWvevkgWvt1Epc1SWg6HzdFf2WBOHqcBkto1EcRV9blEIvFrDwcuw%2B4I9Xk69jCSjmu2hZeiHS76gHlUDEuk2xRvDbBOWAeVJa54a%2FmnFqYfTEjKxYUe%2Bko4TcGsXp9zhO5K1jlDXNxAae2GrUxA6Cvy23eT%2F1Ip%2B3njk3PC3nBJL%2FMm4fH2DLPRNmIkvd5UYizzt5xjktyTwYpDMFXZET%2FLuWC8%2FacdKO1G9AS8CS7Gbjlhj0WevHB7KYAyFvxxkQNAvh4nUV%2Bu1wdb%2Fj74Ypw%3D%3D&X-Amz-Signature=73b0bda651f6551fdee3b1a7e1be45e0ed6c0de2fce320f2372f6b86ac69c6dc&X-Amz-SignedHeaders=host&response-content-disposition=inline,,,,,,,,,vehicle-counter-unprocessed-video/29 june/001/f00145.mp4,vehicle-counter-unprocessed-video/29 june/001/f00154.mp4
008,6/20/2026 11:11,https://rasta-vehicle-counter.s3.us-east-1.amazonaws.com/vehicle-counter-unprocessed-video/29%20june/008/f00132.mp4?X-Amz-Algorithm=AWS4-HMAC-SHA256&X-Amz-Content-Sha256=UNSIGNED-PAYLOAD&X-Amz-Credential=ASIA47CRV2VXLE4W4TUM%2F20260728%2Fus-east-1%2Fs3%2Faws4_request&X-Amz-Date=20260728T075612Z&X-Amz-Expires=300&X-Amz-Security-Token=IQoJb3JpZ2luX2VjEJj%2F%2F%2F%2F%2F%2F%2F%2F%2F%2FwEaCXVzLWVhc3QtMSJHMEUCIHX%2B4ZpLrQINGTO29BqA7G1QYMiRIxl%2BnM7mFhI2Sz%2BlAiEAjFkwiv89PvBc1b1Cr4K20ruzISE9r%2Bj5DxFLPrPvyN0q2gIIYRAAGgw4OTEzNzcwMTQxMjYiDBZ3JoHh4amCGAHB2Sq3Ai1MNedLmRDsMQnBCbQUQGFjKxrKTYQD2JzsYwXRi8moFFe6tjLWXoWRlZMvk6XLUSd%2FVzflLcsbplRRjWozFwieYmnUGhEFrcZFIXv%2Bq2yzi7W%2FDfa17ozwk4hwZ6ctylzJW5VkgqQb7NyFwm6WO1eLFdcQpCnXOXRfihWZCLRnYvQWkWMsxL5TnANvyCwfmeiUgOurR3fOpkpicvwveBPf8KBkq5l7CsoY468VNucrM5kxE%2BVVH6GthTAw3qshPIpIAGSSNUCdtkO4QX1QZOhYwbdQG0AZas%2BBhv7IPjQDOHP6Kc7yC5uNNA%2F4211fry4XW55RsAPTPA5am82mcyZI2CIxCugfLSXns9NpLO1f94dJkF0fyJjKjU0FQawAKPu34Ep01uoEOiIzU7gYdvMitVmCdSxUMJOIodMGOq0Cgp8mhE1K67mV26h5IMQHTOgyMRjp5xJEuQJMpXKhsz1RgOyAJr%2FCboa8n8bUGy1%2F7kdr41brrD4aI%2BHSuXlDRjVIq%2BRKEbDiAWUGkKfzVHYKxwwqscT9LG7ohjpjWvevkgWvt1Epc1SWg6HzdFf2WBOHqcBkto1EcRV9blEIvFrDwcuw%2B4I9Xk69jCSjmu2hZeiHS76gHlUDEuk2xRvDbBOWAeVJa54a%2FmnFqYfTEjKxYUe%2Bko4TcGsXp9zhO5K1jlDXNxAae2GrUxA6Cvy23eT%2F1Ip%2B3njk3PC3nBJL%2FMm4fH2DLPRNmIkvd5UYizzt5xjktyTwYpDMFXZET%2FLuWC8%2FacdKO1G9AS8CS7Gbjlhj0WevHB7KYAyFvxxkQNAvh4nUV%2Bu1wdb%2Fj74Ypw%3D%3D&X-Amz-Signature=a510a3c790fb8f44874879cf71b4944944d086ba7c53997d44c1c4c0ac7f8452&X-Amz-SignedHeaders=host&response-content-disposition=inline,https://rasta-vehicle-counter.s3.us-east-1.amazonaws.com/vehicle-counter-unprocessed-video/29%20june/008/f00004.mp4?X-Amz-Algorithm=AWS4-HMAC-SHA256&X-Amz-Content-Sha256=UNSIGNED-PAYLOAD&X-Amz-Credential=ASIA47CRV2VXLE4W4TUM%2F20260728%2Fus-east-1%2Fs3%2Faws4_request&X-Amz-Date=20260728T075413Z&X-Amz-Expires=300&X-Amz-Security-Token=IQoJb3JpZ2luX2VjEJj%2F%2F%2F%2F%2F%2F%2F%2F%2F%2FwEaCXVzLWVhc3QtMSJHMEUCIHX%2B4ZpLrQINGTO29BqA7G1QYMiRIxl%2BnM7mFhI2Sz%2BlAiEAjFkwiv89PvBc1b1Cr4K20ruzISE9r%2Bj5DxFLPrPvyN0q2gIIYRAAGgw4OTEzNzcwMTQxMjYiDBZ3JoHh4amCGAHB2Sq3Ai1MNedLmRDsMQnBCbQUQGFjKxrKTYQD2JzsYwXRi8moFFe6tjLWXoWRlZMvk6XLUSd%2FVzflLcsbplRRjWozFwieYmnUGhEFrcZFIXv%2Bq2yzi7W%2FDfa17ozwk4hwZ6ctylzJW5VkgqQb7NyFwm6WO1eLFdcQpCnXOXRfihWZCLRnYvQWkWMsxL5TnANvyCwfmeiUgOurR3fOpkpicvwveBPf8KBkq5l7CsoY468VNucrM5kxE%2BVVH6GthTAw3qshPIpIAGSSNUCdtkO4QX1QZOhYwbdQG0AZas%2BBhv7IPjQDOHP6Kc7yC5uNNA%2F4211fry4XW55RsAPTPA5am82mcyZI2CIxCugfLSXns9NpLO1f94dJkF0fyJjKjU0FQawAKPu34Ep01uoEOiIzU7gYdvMitVmCdSxUMJOIodMGOq0Cgp8mhE1K67mV26h5IMQHTOgyMRjp5xJEuQJMpXKhsz1RgOyAJr%2FCboa8n8bUGy1%2F7kdr41brrD4aI%2BHSuXlDRjVIq%2BRKEbDiAWUGkKfzVHYKxwwqscT9LG7ohjpjWvevkgWvt1Epc1SWg6HzdFf2WBOHqcBkto1EcRV9blEIvFrDwcuw%2B4I9Xk69jCSjmu2hZeiHS76gHlUDEuk2xRvDbBOWAeVJa54a%2FmnFqYfTEjKxYUe%2Bko4TcGsXp9zhO5K1jlDXNxAae2GrUxA6Cvy23eT%2F1Ip%2B3njk3PC3nBJL%2FMm4fH2DLPRNmIkvd5UYizzt5xjktyTwYpDMFXZET%2FLuWC8%2FacdKO1G9AS8CS7Gbjlhj0WevHB7KYAyFvxxkQNAvh4nUV%2Bu1wdb%2Fj74Ypw%3D%3D&X-Amz-Signature=24e94867f01501edba9a40ed62eb63ca01708261eea650b5ed4cd750fad0af04&X-Amz-SignedHeaders=host&response-content-disposition=inline,,,,,,,,,vehicle-counter-unprocessed-video/29 june/008/f00009.mp4,vehicle-counter-unprocessed-video/29 june/008/f00064.mp4
026,6/22/2026,https://rasta-vehicle-counter.s3.us-east-1.amazonaws.com/vehicle-counter-unprocessed-video/29%20june/026/f00124.mp4?X-Amz-Algorithm=AWS4-HMAC-SHA256&X-Amz-Content-Sha256=UNSIGNED-PAYLOAD&X-Amz-Credential=ASIA47CRV2VXEGQAPMS7%2F20260728%2Fus-east-1%2Fs3%2Faws4_request&X-Amz-Date=20260728T085905Z&X-Amz-Expires=300&X-Amz-Security-Token=IQoJb3JpZ2luX2VjEJn%2F%2F%2F%2F%2F%2F%2F%2F%2F%2FwEaCXVzLWVhc3QtMSJGMEQCIDEO5Mfx6VaUceQvyP%2BGyo1RyC5UqdI66LqQDp%2FmBvtTAiB1SVW9DoTF3ier85hJ9LikE%2FCpDrmn1UtV9xovTJn9ASraAghiEAAaDDg5MTM3NzAxNDEyNiIM7%2FDBj2gG5NJ34hj%2FKrcC2f2uXdULIz7t0xw8JBKUaX8qgpNn3POAkpFFzENoHPv6wECL7tMOL6kArSzKWuBgt2CIBTVhbfyTuzY6zlOfvQII8%2BVDNJOQx9IaKSWEVZGzCYLcb26sTOLXZ9A0ovuLKWgqTdJQ%2FQjVRlcG155ro7VzBQkorBwdoSWsmdbcoxWKAuQxEYLNDhAoSQwUlc9oTAyXxysE7Zt9U07Gz3uBKYVpvZXwlWux4fEjzvCcuEPcnDKrTU1Jx7AzZ2twqRpHL%2BAKFYer9NyJI2vchxV9YEczEe2UD5KMl0DLLsxyg77poU1RaSvHUpdjn7OoK8XEJRju3XpBYd%2FryInLX6Psj%2BGdFczob2O%2BIZ%2BL7D02n3ZJA0LTYIilnM1QvWPx3BmYEzyyz4mqZ6281BWNvrBoYO%2FR71tAP%2Bswk4ih0wY6rgL4NNiGxTHJv974d%2FYfOtMrF5D1PJRL9bRKwNZ%2BX6Ge3qupNq9C%2F9V1YMybBQXXznH%2BjWYtXdisbZEbAs%2F1IJp5biUE0o5X1lZWUlpeiDaeyrsVvlM9MMcqZ522zEEONfLWV%2B%2FBKbsHO4Eg4vQg%2B1y80ZhxM4mU3LHro7kydHzMzAka%2FTU5RI3ALYNAB9YiGSMzGt18GMX1UiXewPW0LEsa47HdCaRWXATgHuuVjX3eigsejLt1P8eLAuLxlOYa7OMF7a36LLJbE2jjG28WLyO9kNtrhaPNm0wve3hLu3FyLhZ2mG3Sxw6ix%2B7ZUK3kLADvUSWxOKAv2tqbRzmPQRN4KdMbp4C6VFs6hq%2Fi4pV14TKFbsn57NO0hCWOkyJh864TdM1eKPa9r2u61CJegA%3D%3D&X-Amz-Signature=4929b8d8a9aeb7fa46df790d4b63f6da84e3dcca9d6775278b4cb7d7cef40627&X-Amz-SignedHeaders=host&response-content-disposition=inline,https://rasta-vehicle-counter.s3.us-east-1.amazonaws.com/vehicle-counter-unprocessed-video/29%20june/026/f00002.mp4?X-Amz-Algorithm=AWS4-HMAC-SHA256&X-Amz-Content-Sha256=UNSIGNED-PAYLOAD&X-Amz-Credential=ASIA47CRV2VXEGQAPMS7%2F20260728%2Fus-east-1%2Fs3%2Faws4_request&X-Amz-Date=20260728T085533Z&X-Amz-Expires=300&X-Amz-Security-Token=IQoJb3JpZ2luX2VjEJn%2F%2F%2F%2F%2F%2F%2F%2F%2F%2FwEaCXVzLWVhc3QtMSJGMEQCIDEO5Mfx6VaUceQvyP%2BGyo1RyC5UqdI66LqQDp%2FmBvtTAiB1SVW9DoTF3ier85hJ9LikE%2FCpDrmn1UtV9xovTJn9ASraAghiEAAaDDg5MTM3NzAxNDEyNiIM7%2FDBj2gG5NJ34hj%2FKrcC2f2uXdULIz7t0xw8JBKUaX8qgpNn3POAkpFFzENoHPv6wECL7tMOL6kArSzKWuBgt2CIBTVhbfyTuzY6zlOfvQII8%2BVDNJOQx9IaKSWEVZGzCYLcb26sTOLXZ9A0ovuLKWgqTdJQ%2FQjVRlcG155ro7VzBQkorBwdoSWsmdbcoxWKAuQxEYLNDhAoSQwUlc9oTAyXxysE7Zt9U07Gz3uBKYVpvZXwlWux4fEjzvCcuEPcnDKrTU1Jx7AzZ2twqRpHL%2BAKFYer9NyJI2vchxV9YEczEe2UD5KMl0DLLsxyg77poU1RaSvHUpdjn7OoK8XEJRju3XpBYd%2FryInLX6Psj%2BGdFczob2O%2BIZ%2BL7D02n3ZJA0LTYIilnM1QvWPx3BmYEzyyz4mqZ6281BWNvrBoYO%2FR71tAP%2Bswk4ih0wY6rgL4NNiGxTHJv974d%2FYfOtMrF5D1PJRL9bRKwNZ%2BX6Ge3qupNq9C%2F9V1YMybBQXXznH%2BjWYtXdisbZEbAs%2F1IJp5biUE0o5X1lZWUlpeiDaeyrsVvlM9MMcqZ522zEEONfLWV%2B%2FBKbsHO4Eg4vQg%2B1y80ZhxM4mU3LHro7kydHzMzAka%2FTU5RI3ALYNAB9YiGSMzGt18GMX1UiXewPW0LEsa47HdCaRWXATgHuuVjX3eigsejLt1P8eLAuLxlOYa7OMF7a36LLJbE2jjG28WLyO9kNtrhaPNm0wve3hLu3FyLhZ2mG3Sxw6ix%2B7ZUK3kLADvUSWxOKAv2tqbRzmPQRN4KdMbp4C6VFs6hq%2Fi4pV14TKFbsn57NO0hCWOkyJh864TdM1eKPa9r2u61CJegA%3D%3D&X-Amz-Signature=cd4e902068e25b4d24032260c3930e0963e9668359001d3a3fa217f449e0be01&X-Amz-SignedHeaders=host&response-content-disposition=inline,,,,,,,,,vehicle-counter-unprocessed-video/29 june/026/f00049.mp4,vehicle-counter-unprocessed-video/29 june/026/f00002.mp4
032,6/22/2026 11:11,https://rasta-vehicle-counter.s3.us-east-1.amazonaws.com/vehicle-counter-unprocessed-video/29%20june/032/f00037.mp4?X-Amz-Algorithm=AWS4-HMAC-SHA256&X-Amz-Content-Sha256=UNSIGNED-PAYLOAD&X-Amz-Credential=ASIA47CRV2VXJKJ3LRTE%2F20260728%2Fus-east-1%2Fs3%2Faws4_request&X-Amz-Date=20260728T090547Z&X-Amz-Expires=300&X-Amz-Security-Token=IQoJb3JpZ2luX2VjEJr%2F%2F%2F%2F%2F%2F%2F%2F%2F%2FwEaCXVzLWVhc3QtMSJHMEUCIQDxm4rbOiKf7GgV8BEMF4OeO0K0HMzeIvYTXa7OGtuI4gIgLzryST%2Fumj%2BqmazZ%2F2jMtYK8PljTRClRvXip%2BrBX4tgq2gIIYhAAGgw4OTEzNzcwMTQxMjYiDO0daZmNJY00sm2n1Cq3Al%2F0TVZ9PpsBr6gqxQWO9OthDCFhOTqrPENedH0jrrTUOfjL7CZ5hL3FQHyNcZw8ylky%2BTeXFMwPX8OhPM%2BiTR7sO9Rjf83waRDdcGcdR8Tg7hCAYtV3elB45vYBIUf%2ByqEB0s40PHTdg3Pb%2F0gkoFPDTvfYndRwZawOAzpGY2eoMAd6iQrDpZUriAc7gKuqq9Gv%2B3hBbtaRuqRv5y6ewaO%2BS52EPyub6pQgZg6ytrtA6ywneysoa%2Fn1nQgduiZxEBo8mzTKvZCtJnZWC3QJWbZW9Fh5ovo1aRkDv8kCpRJz67G3iWJGP82prwdhIH44GyFyP9Am4lt0qOC7iwdbx53kTI%2FXLl2izZd6XL0AqnQvj0nA%2F%2BMGhjEdwBQ%2BwcMwmolJ7Pp0vleO1xntYDmgEaGHERMhYB4JMJOIodMGOq0CSSh4nElqAlEJYwzn7LzJ9qrWD%2BCgJcSFjVt%2BNBrWCAhPSAes8umr6D6YRUq4gMeWUZAvX6Bol4%2BT6XOpxkSLYP9kHe%2F3PbfMftPtMqOhQz40PTl33ndKTrLJ9yKeeTlvevPQ4tldnH7LqK01FpvRFDxtpOV7YpFQGJ8YVRCn1jY0EY90oTJtZ1ZRjQiLO2pVd6NB%2BNTNn3aH6mJpHKDFZNJT85GY%2FX%2Bu4xRvh%2FGo0p3PymN6uK7MW5sr0hHpWieZ1RoBrMxt7xq5TEh12LjmSKEmsQQo7vaMpYKh%2FqlLMZTMorz32utU%2BO1ioiTrx9DESFbTehw1oR56X7cPPszORjIsmZdbQuY%2F6QztWpVEqA3ZH2s1PxvhGDVotsame0%2B6ipJqJXXYqFPmeJw0qA%3D%3D&X-Amz-Signature=4b10cdaee1ce42edc9183815d2cfa209d1dfd5e35951b600d371924e90d0fc88&X-Amz-SignedHeaders=host&response-content-disposition=inline,https://rasta-vehicle-counter.s3.us-east-1.amazonaws.com/vehicle-counter-unprocessed-video/29%20june/032/f00002.mp4?X-Amz-Algorithm=AWS4-HMAC-SHA256&X-Amz-Content-Sha256=UNSIGNED-PAYLOAD&X-Amz-Credential=ASIA47CRV2VXEGQAPMS7%2F20260728%2Fus-east-1%2Fs3%2Faws4_request&X-Amz-Date=20260728T090241Z&X-Amz-Expires=300&X-Amz-Security-Token=IQoJb3JpZ2luX2VjEJn%2F%2F%2F%2F%2F%2F%2F%2F%2F%2FwEaCXVzLWVhc3QtMSJGMEQCIDEO5Mfx6VaUceQvyP%2BGyo1RyC5UqdI66LqQDp%2FmBvtTAiB1SVW9DoTF3ier85hJ9LikE%2FCpDrmn1UtV9xovTJn9ASraAghiEAAaDDg5MTM3NzAxNDEyNiIM7%2FDBj2gG5NJ34hj%2FKrcC2f2uXdULIz7t0xw8JBKUaX8qgpNn3POAkpFFzENoHPv6wECL7tMOL6kArSzKWuBgt2CIBTVhbfyTuzY6zlOfvQII8%2BVDNJOQx9IaKSWEVZGzCYLcb26sTOLXZ9A0ovuLKWgqTdJQ%2FQjVRlcG155ro7VzBQkorBwdoSWsmdbcoxWKAuQxEYLNDhAoSQwUlc9oTAyXxysE7Zt9U07Gz3uBKYVpvZXwlWux4fEjzvCcuEPcnDKrTU1Jx7AzZ2twqRpHL%2BAKFYer9NyJI2vchxV9YEczEe2UD5KMl0DLLsxyg77poU1RaSvHUpdjn7OoK8XEJRju3XpBYd%2FryInLX6Psj%2BGdFczob2O%2BIZ%2BL7D02n3ZJA0LTYIilnM1QvWPx3BmYEzyyz4mqZ6281BWNvrBoYO%2FR71tAP%2Bswk4ih0wY6rgL4NNiGxTHJv974d%2FYfOtMrF5D1PJRL9bRKwNZ%2BX6Ge3qupNq9C%2F9V1YMybBQXXznH%2BjWYtXdisbZEbAs%2F1IJp5biUE0o5X1lZWUlpeiDaeyrsVvlM9MMcqZ522zEEONfLWV%2B%2FBKbsHO4Eg4vQg%2B1y80ZhxM4mU3LHro7kydHzMzAka%2FTU5RI3ALYNAB9YiGSMzGt18GMX1UiXewPW0LEsa47HdCaRWXATgHuuVjX3eigsejLt1P8eLAuLxlOYa7OMF7a36LLJbE2jjG28WLyO9kNtrhaPNm0wve3hLu3FyLhZ2mG3Sxw6ix%2B7ZUK3kLADvUSWxOKAv2tqbRzmPQRN4KdMbp4C6VFs6hq%2Fi4pV14TKFbsn57NO0hCWOkyJh864TdM1eKPa9r2u61CJegA%3D%3D&X-Amz-Signature=920d40cec07dfa387a0a95b815162408c84e412c1e8ab99ebb02f324dda8ec2c&X-Amz-SignedHeaders=host&response-content-disposition=inline,,,,,,,,,vehicle-counter-unprocessed-video/29 june/032/f00038.mp4,vehicle-counter-unprocessed-video/29 june/032/f00002.mp4
034,6/22/2026 11:11,https://rasta-vehicle-counter.s3.us-east-1.amazonaws.com/vehicle-counter-unprocessed-video/29%20june/034/f00090.mp4?X-Amz-Algorithm=AWS4-HMAC-SHA256&X-Amz-Content-Sha256=UNSIGNED-PAYLOAD&X-Amz-Credential=ASIA47CRV2VXPD3F6PCF%2F20260728%2Fus-east-1%2Fs3%2Faws4_request&X-Amz-Date=20260728T091947Z&X-Amz-Expires=300&X-Amz-Security-Token=IQoJb3JpZ2luX2VjEJr%2F%2F%2F%2F%2F%2F%2F%2F%2F%2FwEaCXVzLWVhc3QtMSJHMEUCIC6J6I%2FyGvk4yYw1hUu9Grek8SD54rk3oHkZ%2B5cnhxmsAiEA2XP87KsqdYgpss8nM8Xee1yhs%2F%2BE4%2FaZlm8wxudjfDoq2gIIYhAAGgw4OTEzNzcwMTQxMjYiDJaGbyUNDnQgxA%2Femiq3Av4i34IeBH3Zffwd6Ot69LDD8dSiuLITQ%2FyTgIQx71xM9TT06DDTMFE7795XoivZoLK9ShF9FazlpRcZjL5yaMr%2FKmYR5X3mBgNil8S%2FayDNlVksC20JkCta3ajvl%2BHoE3yRS1Z4WTno0KlA1EyxFRT%2Fi6kLv8f2LsXSbusNxq%2FKxcjmO3PA1cn8fi%2Ftpc4Lr9tca5Pnn3HeiXnOvkQ4lyg2T3NwhjkiR%2FZsTcEYhyPs%2BeGE4UmZhyTOWPdv%2FBskOrDrDxs8k30a20H7CkAWkibzAENUvZ7KjoDUgXk2HLyGTsj%2FITpWmL2ilmHWps%2BWg8Zb%2FILyCqVo18FD6f6wyl%2FbwmiczEEZ8mZyneRQx8hBRsT65iiW7xumhwldtJ2duHszmGoRn4qyYKuOvtk1YhREqaYg3VDkMJOIodMGOq0CH5yMr8Z9emCP9Y8I9zsuovleqppAj6rlfUXcoKebkVk7kmZKL8j51%2BPsirwpNi4xCG7dGj7TG0pZxN%2FbCsOWHJgz6efXYvoqbSIFhGwn6UpClYQJ%2F95brDrl1X7j4Ybe8KdYkVNy3zYlQ3YSpA%2BwH7%2FXklgE%2Bc0xT4fhwTlAlH0dKPANMIslhZ0G3C5jzTcn2RDrO1t7K3rLkvMidoA3Kn2JgX5vkiy8TrQ3XeEYfVTuWtaeK1xl4gqeOJxGPM%2FFYyuAG5Bq6SVj4ee3HSJWgsy1SYxk9prI%2FoQSqoiMaiZDcQe%2FllVHahjpgBoG9FfqauSAtHvZi0g82KO74M%2BXNRGA3IOAAv8x16UmngLhgduHV8tzyjyS%2BtRTs98gcflwmmZ8ds9YAkZAS61LoA%3D%3D&X-Amz-Signature=15baf501a6c6206b7da811a5c820eb8fa6e2852031cc931eda336252b83ca7b1&X-Amz-SignedHeaders=host&response-content-disposition=inline,https://rasta-vehicle-counter.s3.us-east-1.amazonaws.com/vehicle-counter-unprocessed-video/29%20june/034/f00002.mp4?X-Amz-Algorithm=AWS4-HMAC-SHA256&X-Amz-Content-Sha256=UNSIGNED-PAYLOAD&X-Amz-Credential=ASIA47CRV2VXPD3F6PCF%2F20260728%2Fus-east-1%2Fs3%2Faws4_request&X-Amz-Date=20260728T091507Z&X-Amz-Expires=300&X-Amz-Security-Token=IQoJb3JpZ2luX2VjEJr%2F%2F%2F%2F%2F%2F%2F%2F%2F%2FwEaCXVzLWVhc3QtMSJHMEUCIC6J6I%2FyGvk4yYw1hUu9Grek8SD54rk3oHkZ%2B5cnhxmsAiEA2XP87KsqdYgpss8nM8Xee1yhs%2F%2BE4%2FaZlm8wxudjfDoq2gIIYhAAGgw4OTEzNzcwMTQxMjYiDJaGbyUNDnQgxA%2Femiq3Av4i34IeBH3Zffwd6Ot69LDD8dSiuLITQ%2FyTgIQx71xM9TT06DDTMFE7795XoivZoLK9ShF9FazlpRcZjL5yaMr%2FKmYR5X3mBgNil8S%2FayDNlVksC20JkCta3ajvl%2BHoE3yRS1Z4WTno0KlA1EyxFRT%2Fi6kLv8f2LsXSbusNxq%2FKxcjmO3PA1cn8fi%2Ftpc4Lr9tca5Pnn3HeiXnOvkQ4lyg2T3NwhjkiR%2FZsTcEYhyPs%2BeGE4UmZhyTOWPdv%2FBskOrDrDxs8k30a20H7CkAWkibzAENUvZ7KjoDUgXk2HLyGTsj%2FITpWmL2ilmHWps%2BWg8Zb%2FILyCqVo18FD6f6wyl%2FbwmiczEEZ8mZyneRQx8hBRsT65iiW7xumhwldtJ2duHszmGoRn4qyYKuOvtk1YhREqaYg3VDkMJOIodMGOq0CH5yMr8Z9emCP9Y8I9zsuovleqppAj6rlfUXcoKebkVk7kmZKL8j51%2BPsirwpNi4xCG7dGj7TG0pZxN%2FbCsOWHJgz6efXYvoqbSIFhGwn6UpClYQJ%2F95brDrl1X7j4Ybe8KdYkVNy3zYlQ3YSpA%2BwH7%2FXklgE%2Bc0xT4fhwTlAlH0dKPANMIslhZ0G3C5jzTcn2RDrO1t7K3rLkvMidoA3Kn2JgX5vkiy8TrQ3XeEYfVTuWtaeK1xl4gqeOJxGPM%2FFYyuAG5Bq6SVj4ee3HSJWgsy1SYxk9prI%2FoQSqoiMaiZDcQe%2FllVHahjpgBoG9FfqauSAtHvZi0g82KO74M%2BXNRGA3IOAAv8x16UmngLhgduHV8tzyjyS%2BtRTs98gcflwmmZ8ds9YAkZAS61LoA%3D%3D&X-Amz-Signature=674dfca1d8d894a146feaccf55dd76b34d58f1d1ebeb64e873360730a5ac45a9&X-Amz-SignedHeaders=host&response-content-disposition=inline,,,,,,,,,vehicle-counter-unprocessed-video/29 june/034/f00002.mp4,vehicle-counter-unprocessed-video/29 june/034/f00140.mp4
038,6/21/2026 11:11,https://rasta-vehicle-counter.s3.us-east-1.amazonaws.com/vehicle-counter-unprocessed-video/29%20june/038/f00002.mp4?X-Amz-Algorithm=AWS4-HMAC-SHA256&X-Amz-Content-Sha256=UNSIGNED-PAYLOAD&X-Amz-Credential=ASIA47CRV2VXPD3F6PCF%2F20260728%2Fus-east-1%2Fs3%2Faws4_request&X-Amz-Date=20260728T092051Z&X-Amz-Expires=300&X-Amz-Security-Token=IQoJb3JpZ2luX2VjEJr%2F%2F%2F%2F%2F%2F%2F%2F%2F%2FwEaCXVzLWVhc3QtMSJHMEUCIC6J6I%2FyGvk4yYw1hUu9Grek8SD54rk3oHkZ%2B5cnhxmsAiEA2XP87KsqdYgpss8nM8Xee1yhs%2F%2BE4%2FaZlm8wxudjfDoq2gIIYhAAGgw4OTEzNzcwMTQxMjYiDJaGbyUNDnQgxA%2Femiq3Av4i34IeBH3Zffwd6Ot69LDD8dSiuLITQ%2FyTgIQx71xM9TT06DDTMFE7795XoivZoLK9ShF9FazlpRcZjL5yaMr%2FKmYR5X3mBgNil8S%2FayDNlVksC20JkCta3ajvl%2BHoE3yRS1Z4WTno0KlA1EyxFRT%2Fi6kLv8f2LsXSbusNxq%2FKxcjmO3PA1cn8fi%2Ftpc4Lr9tca5Pnn3HeiXnOvkQ4lyg2T3NwhjkiR%2FZsTcEYhyPs%2BeGE4UmZhyTOWPdv%2FBskOrDrDxs8k30a20H7CkAWkibzAENUvZ7KjoDUgXk2HLyGTsj%2FITpWmL2ilmHWps%2BWg8Zb%2FILyCqVo18FD6f6wyl%2FbwmiczEEZ8mZyneRQx8hBRsT65iiW7xumhwldtJ2duHszmGoRn4qyYKuOvtk1YhREqaYg3VDkMJOIodMGOq0CH5yMr8Z9emCP9Y8I9zsuovleqppAj6rlfUXcoKebkVk7kmZKL8j51%2BPsirwpNi4xCG7dGj7TG0pZxN%2FbCsOWHJgz6efXYvoqbSIFhGwn6UpClYQJ%2F95brDrl1X7j4Ybe8KdYkVNy3zYlQ3YSpA%2BwH7%2FXklgE%2Bc0xT4fhwTlAlH0dKPANMIslhZ0G3C5jzTcn2RDrO1t7K3rLkvMidoA3Kn2JgX5vkiy8TrQ3XeEYfVTuWtaeK1xl4gqeOJxGPM%2FFYyuAG5Bq6SVj4ee3HSJWgsy1SYxk9prI%2FoQSqoiMaiZDcQe%2FllVHahjpgBoG9FfqauSAtHvZi0g82KO74M%2BXNRGA3IOAAv8x16UmngLhgduHV8tzyjyS%2BtRTs98gcflwmmZ8ds9YAkZAS61LoA%3D%3D&X-Amz-Signature=aa5f1adb893e0533f84a00377a09e72976286dbb62d6a83d1b363ceb4e5866ff&X-Amz-SignedHeaders=host&response-content-disposition=inline,https://rasta-vehicle-counter.s3.us-east-1.amazonaws.com/vehicle-counter-unprocessed-video/29%20june/038/f00203.mp4?X-Amz-Algorithm=AWS4-HMAC-SHA256&X-Amz-Content-Sha256=UNSIGNED-PAYLOAD&X-Amz-Credential=ASIA47CRV2VXJF6HNUCM%2F20260728%2Fus-east-1%2Fs3%2Faws4_request&X-Amz-Date=20260728T094038Z&X-Amz-Expires=300&X-Amz-Security-Token=IQoJb3JpZ2luX2VjEJr%2F%2F%2F%2F%2F%2F%2F%2F%2F%2FwEaCXVzLWVhc3QtMSJHMEUCIB3%2Bi%2B2G0g%2BQE%2Fuc4I6g%2BuC%2F0erxwd2DLr2mdoq7AyblAiEAtouORmengYktC7WBjinTsnfK7ihySIjmkjSsLTOPVG8q2gIIYxAAGgw4OTEzNzcwMTQxMjYiDC8D6YqeWxI6QXuDbiq3Ahg6pYvFOCPa1I%2F3j54wGQmEcXJ0T7QapRM37OuXauFhHAYnqBapzMXO%2FLHF%2ByAY4C2Hk3f9l911Yan01Xtf174kDB67SSUIn0xNceD2LJhkVK6a7fN1OidOZyyyfFIsa7v3eSw%2FIYmWDdsgyEkPrq%2FN8JrOt%2BrX%2BxIz0cEyGNIdNcUsWukt3PHbflDFE2jKcAGIFtlMgDAa%2FsXVe220ez0YDV1QJbXyJ7Xvxo8UZFRKYs6Y9W%2FnBrS%2FV8cNjQHfiY5bdoXK0D%2FP8TAua%2B5t91J%2BE0kSBXEIX1AtQo4Wm34AtokoW3awuWShqkRymzI3GCToR7tmgHySbU29rE303UntqbiJRME5JYIaDWmrDnXUwEGqn6E4jblSgLaGOK4ocB%2Bwc%2B%2Bv7sDGcnVFMHk62kmTfvjS%2FaccMJOIodMGOq0ChjgolDfQt%2FCfwDq%2FWEqMpMn7AV7V9s1L1nI%2BPPH3AqY1fuVVkfXibpAg2W6ug4KRS1q%2Bptg4YFA33n3t38yaBLXR6QmhfdbZBwSQiUiotlAbOaabqg%2FPEMTQD5SqA2EmSFsl2qyzjQNbHJz%2B4KWG2S1%2Buge%2FfH5bZ65M7fgiPZcRi2kWTlzIyBI9wvq2qPCSZ6y2LjNwcF6MhpgVqsSb66%2Bd%2FKh20eVMgvMjWeZNpKImnM6JXxtbqVPc2AO5cVFvm5NicI%2BH7Lwztj2NULJWTF0FybKiAB7Tlvl5AB68sJhwa0Hah89m6SoYzWWpz8k1legmLHkQH7YGp9ViphQ7GlylqYoQfXEjiQL%2FzaifnsKRqR16dgPyTYSBwDdaoYWHEawTO1lglb0GIhay%2FQ%3D%3D&X-Amz-Signature=b98503778728becf4620c01398c1259c4a22b432751ad903592497b8c88b463e&X-Amz-SignedHeaders=host&response-content-disposition=inline,,,,,,,,,vehicle-counter-unprocessed-video/29 june/038/f00002.mp4,vehicle-counter-unprocessed-video/29 june/038/f00142.mp4
045,6/21/2026,https://rasta-vehicle-counter.s3.us-east-1.amazonaws.com/vehicle-counter-unprocessed-video/29%20june/045/f00179.mp4?X-Amz-Algorithm=AWS4-HMAC-SHA256&X-Amz-Content-Sha256=UNSIGNED-PAYLOAD&X-Amz-Credential=ASIA47CRV2VXJF6HNUCM%2F20260728%2Fus-east-1%2Fs3%2Faws4_request&X-Amz-Date=20260728T094515Z&X-Amz-Expires=300&X-Amz-Security-Token=IQoJb3JpZ2luX2VjEJr%2F%2F%2F%2F%2F%2F%2F%2F%2F%2FwEaCXVzLWVhc3QtMSJHMEUCIB3%2Bi%2B2G0g%2BQE%2Fuc4I6g%2BuC%2F0erxwd2DLr2mdoq7AyblAiEAtouORmengYktC7WBjinTsnfK7ihySIjmkjSsLTOPVG8q2gIIYxAAGgw4OTEzNzcwMTQxMjYiDC8D6YqeWxI6QXuDbiq3Ahg6pYvFOCPa1I%2F3j54wGQmEcXJ0T7QapRM37OuXauFhHAYnqBapzMXO%2FLHF%2ByAY4C2Hk3f9l911Yan01Xtf174kDB67SSUIn0xNceD2LJhkVK6a7fN1OidOZyyyfFIsa7v3eSw%2FIYmWDdsgyEkPrq%2FN8JrOt%2BrX%2BxIz0cEyGNIdNcUsWukt3PHbflDFE2jKcAGIFtlMgDAa%2FsXVe220ez0YDV1QJbXyJ7Xvxo8UZFRKYs6Y9W%2FnBrS%2FV8cNjQHfiY5bdoXK0D%2FP8TAua%2B5t91J%2BE0kSBXEIX1AtQo4Wm34AtokoW3awuWShqkRymzI3GCToR7tmgHySbU29rE303UntqbiJRME5JYIaDWmrDnXUwEGqn6E4jblSgLaGOK4ocB%2Bwc%2B%2Bv7sDGcnVFMHk62kmTfvjS%2FaccMJOIodMGOq0ChjgolDfQt%2FCfwDq%2FWEqMpMn7AV7V9s1L1nI%2BPPH3AqY1fuVVkfXibpAg2W6ug4KRS1q%2Bptg4YFA33n3t38yaBLXR6QmhfdbZBwSQiUiotlAbOaabqg%2FPEMTQD5SqA2EmSFsl2qyzjQNbHJz%2B4KWG2S1%2Buge%2FfH5bZ65M7fgiPZcRi2kWTlzIyBI9wvq2qPCSZ6y2LjNwcF6MhpgVqsSb66%2Bd%2FKh20eVMgvMjWeZNpKImnM6JXxtbqVPc2AO5cVFvm5NicI%2BH7Lwztj2NULJWTF0FybKiAB7Tlvl5AB68sJhwa0Hah89m6SoYzWWpz8k1legmLHkQH7YGp9ViphQ7GlylqYoQfXEjiQL%2FzaifnsKRqR16dgPyTYSBwDdaoYWHEawTO1lglb0GIhay%2FQ%3D%3D&X-Amz-Signature=7858f02ec05a6de21d87081c4290a3a746f37438f77dbb3e85e4a22d4c89f368&X-Amz-SignedHeaders=host&response-content-disposition=inline,https://rasta-vehicle-counter.s3.us-east-1.amazonaws.com/vehicle-counter-unprocessed-video/29%20june/045/f00003.mp4?X-Amz-Algorithm=AWS4-HMAC-SHA256&X-Amz-Content-Sha256=UNSIGNED-PAYLOAD&X-Amz-Credential=ASIA47CRV2VXJF6HNUCM%2F20260728%2Fus-east-1%2Fs3%2Faws4_request&X-Amz-Date=20260728T094126Z&X-Amz-Expires=300&X-Amz-Security-Token=IQoJb3JpZ2luX2VjEJr%2F%2F%2F%2F%2F%2F%2F%2F%2F%2FwEaCXVzLWVhc3QtMSJHMEUCIB3%2Bi%2B2G0g%2BQE%2Fuc4I6g%2BuC%2F0erxwd2DLr2mdoq7AyblAiEAtouORmengYktC7WBjinTsnfK7ihySIjmkjSsLTOPVG8q2gIIYxAAGgw4OTEzNzcwMTQxMjYiDC8D6YqeWxI6QXuDbiq3Ahg6pYvFOCPa1I%2F3j54wGQmEcXJ0T7QapRM37OuXauFhHAYnqBapzMXO%2FLHF%2ByAY4C2Hk3f9l911Yan01Xtf174kDB67SSUIn0xNceD2LJhkVK6a7fN1OidOZyyyfFIsa7v3eSw%2FIYmWDdsgyEkPrq%2FN8JrOt%2BrX%2BxIz0cEyGNIdNcUsWukt3PHbflDFE2jKcAGIFtlMgDAa%2FsXVe220ez0YDV1QJbXyJ7Xvxo8UZFRKYs6Y9W%2FnBrS%2FV8cNjQHfiY5bdoXK0D%2FP8TAua%2B5t91J%2BE0kSBXEIX1AtQo4Wm34AtokoW3awuWShqkRymzI3GCToR7tmgHySbU29rE303UntqbiJRME5JYIaDWmrDnXUwEGqn6E4jblSgLaGOK4ocB%2Bwc%2B%2Bv7sDGcnVFMHk62kmTfvjS%2FaccMJOIodMGOq0ChjgolDfQt%2FCfwDq%2FWEqMpMn7AV7V9s1L1nI%2BPPH3AqY1fuVVkfXibpAg2W6ug4KRS1q%2Bptg4YFA33n3t38yaBLXR6QmhfdbZBwSQiUiotlAbOaabqg%2FPEMTQD5SqA2EmSFsl2qyzjQNbHJz%2B4KWG2S1%2Buge%2FfH5bZ65M7fgiPZcRi2kWTlzIyBI9wvq2qPCSZ6y2LjNwcF6MhpgVqsSb66%2Bd%2FKh20eVMgvMjWeZNpKImnM6JXxtbqVPc2AO5cVFvm5NicI%2BH7Lwztj2NULJWTF0FybKiAB7Tlvl5AB68sJhwa0Hah89m6SoYzWWpz8k1legmLHkQH7YGp9ViphQ7GlylqYoQfXEjiQL%2FzaifnsKRqR16dgPyTYSBwDdaoYWHEawTO1lglb0GIhay%2FQ%3D%3D&X-Amz-Signature=f6cb28b02b795728c5171f155977ee5e800f059d92829b683191da9e3bc08951&X-Amz-SignedHeaders=host&response-content-disposition=inline,,,,,,,,,vehicle-counter-unprocessed-video/29 june/045/f00155.mp4,vehicle-counter-unprocessed-video/29 june/045/f00003.mp4
065,EMPTY,https://rasta-vehicle-counter.s3.us-east-1.amazonaws.com/vehicle-counter-unprocessed-video/29%20june/065/f00049.mp4?X-Amz-Algorithm=AWS4-HMAC-SHA256&X-Amz-Content-Sha256=UNSIGNED-PAYLOAD&X-Amz-Credential=ASIA47CRV2VXDJRYTPBA%2F20260728%2Fus-east-1%2Fs3%2Faws4_request&X-Amz-Date=20260728T095240Z&X-Amz-Expires=300&X-Amz-Security-Token=IQoJb3JpZ2luX2VjEJr%2F%2F%2F%2F%2F%2F%2F%2F%2F%2FwEaCXVzLWVhc3QtMSJIMEYCIQCH%2B2l4C93CdSWaAi89dsdWMlQ2litutd90u8A7vP4CRwIhANY2i4YlMGJMskCq6Q38lPd3rOQgRUoTy0V4j0ZzHeElKtoCCGMQABoMODkxMzc3MDE0MTI2IgyMx64UTM5MjiQaf2UqtwIpyZtBt758RrOOnbB7Mg77wwC7czNblcXxVSFseIzo2U9J5lmfmXTE8wAd5vz2HF5SyzRgDr7e4RP1iNR%2F%2BDVyEmhyqjuthoBQKOjjr0pgOh4WkBcV0bZsj15PUcGJunMx7TwaGVSNwrjoXeEHcAECIpZkl7Ni0JoLoLeH3YSik1IwAkZHwd8w0r3XVHkArkzkWXXopdPkeqIOc4hGofJosiifzsXH6RejH1vo1tq4xR4eBvESgPxShJ5tlhWNXeXIWtrSy3tV1XGjGBESXHeQ7DhgcyANTvhNjb3bqJRsaNKg40GWZ2g82K9aJO7Cp8N%2FrIXa5GpH1O97EOIy3ETMN4SDeIxX4%2F2l5QT%2FuCY3WFZAzj1imduipSGadj%2BA60nU%2FAfHP%2F1hMUluzhU9OBgzBF1C6MPU9jCTiKHTBjqsAhIEkqNt5m8Y6gOW7jqb1%2FOaAaJIieGlnrLrU7KcJgP13tk3nZgBFj%2F3WFXdCMN0XDUwrC37aWhOmehnw4fBhnzPpWjE2Cm9oQB2lvqmbefzPjjAlOF7EN%2Bq649HVWkMevcctZjl6HJIyzTI36fnMmWzGRaPYronNVWLor5FzKaA04lPG2IlDO7%2F1sDsixS4YaHDzCjTjqtZLGdVdnsTPlfNWLD%2BCDMX3jsH9Rb9Y9OnDFIRtecGEgwOE9h%2FlMFTJmMj%2B%2FyP8%2Bl%2F91Om3%2BLTubcOty3nwHg152WjM3lxf3K%2F0q%2BKDwDAUb8pBnW3jtxC7yOfiWm9BUue0HamVevcxDGvDjnUslgeb3MLQRTDKjiC6PO79gzi773v5i83EEhiR0gxfIHR7GZwHrAnaQ%3D%3D&X-Amz-Signature=7a53d37e6549a64d4c2207ae6a7aa6b545077883845e076c132bf509d5e6e858&X-Amz-SignedHeaders=host&response-content-disposition=inline,https://rasta-vehicle-counter.s3.us-east-1.amazonaws.com/vehicle-counter-unprocessed-video/29%20june/065/f00063.mp4?X-Amz-Algorithm=AWS4-HMAC-SHA256&X-Amz-Content-Sha256=UNSIGNED-PAYLOAD&X-Amz-Credential=ASIA47CRV2VXDJRYTPBA%2F20260728%2Fus-east-1%2Fs3%2Faws4_request&X-Amz-Date=20260728T095440Z&X-Amz-Expires=300&X-Amz-Security-Token=IQoJb3JpZ2luX2VjEJr%2F%2F%2F%2F%2F%2F%2F%2F%2F%2FwEaCXVzLWVhc3QtMSJIMEYCIQCH%2B2l4C93CdSWaAi89dsdWMlQ2litutd90u8A7vP4CRwIhANY2i4YlMGJMskCq6Q38lPd3rOQgRUoTy0V4j0ZzHeElKtoCCGMQABoMODkxMzc3MDE0MTI2IgyMx64UTM5MjiQaf2UqtwIpyZtBt758RrOOnbB7Mg77wwC7czNblcXxVSFseIzo2U9J5lmfmXTE8wAd5vz2HF5SyzRgDr7e4RP1iNR%2F%2BDVyEmhyqjuthoBQKOjjr0pgOh4WkBcV0bZsj15PUcGJunMx7TwaGVSNwrjoXeEHcAECIpZkl7Ni0JoLoLeH3YSik1IwAkZHwd8w0r3XVHkArkzkWXXopdPkeqIOc4hGofJosiifzsXH6RejH1vo1tq4xR4eBvESgPxShJ5tlhWNXeXIWtrSy3tV1XGjGBESXHeQ7DhgcyANTvhNjb3bqJRsaNKg40GWZ2g82K9aJO7Cp8N%2FrIXa5GpH1O97EOIy3ETMN4SDeIxX4%2F2l5QT%2FuCY3WFZAzj1imduipSGadj%2BA60nU%2FAfHP%2F1hMUluzhU9OBgzBF1C6MPU9jCTiKHTBjqsAhIEkqNt5m8Y6gOW7jqb1%2FOaAaJIieGlnrLrU7KcJgP13tk3nZgBFj%2F3WFXdCMN0XDUwrC37aWhOmehnw4fBhnzPpWjE2Cm9oQB2lvqmbefzPjjAlOF7EN%2Bq649HVWkMevcctZjl6HJIyzTI36fnMmWzGRaPYronNVWLor5FzKaA04lPG2IlDO7%2F1sDsixS4YaHDzCjTjqtZLGdVdnsTPlfNWLD%2BCDMX3jsH9Rb9Y9OnDFIRtecGEgwOE9h%2FlMFTJmMj%2B%2FyP8%2Bl%2F91Om3%2BLTubcOty3nwHg152WjM3lxf3K%2F0q%2BKDwDAUb8pBnW3jtxC7yOfiWm9BUue0HamVevcxDGvDjnUslgeb3MLQRTDKjiC6PO79gzi773v5i83EEhiR0gxfIHR7GZwHrAnaQ%3D%3D&X-Amz-Signature=e377732b3da513f4623e7461757e9dfef5d20b730ec789423bf78173498b61cc&X-Amz-SignedHeaders=host&response-content-disposition=inline,,,,,,,,,vehicle-counter-unprocessed-video/29 june/065/f00003.mp4,vehicle-counter-unprocessed-video/29 june/065/f00090.mp4
076,6/22/2026 11:11,https://rasta-vehicle-counter.s3.us-east-1.amazonaws.com/vehicle-counter-unprocessed-video/29%20june/076/f00004.mp4?X-Amz-Algorithm=AWS4-HMAC-SHA256&X-Amz-Content-Sha256=UNSIGNED-PAYLOAD&X-Amz-Credential=ASIA47CRV2VXDJRYTPBA%2F20260728%2Fus-east-1%2Fs3%2Faws4_request&X-Amz-Date=20260728T095601Z&X-Amz-Expires=300&X-Amz-Security-Token=IQoJb3JpZ2luX2VjEJr%2F%2F%2F%2F%2F%2F%2F%2F%2F%2FwEaCXVzLWVhc3QtMSJIMEYCIQCH%2B2l4C93CdSWaAi89dsdWMlQ2litutd90u8A7vP4CRwIhANY2i4YlMGJMskCq6Q38lPd3rOQgRUoTy0V4j0ZzHeElKtoCCGMQABoMODkxMzc3MDE0MTI2IgyMx64UTM5MjiQaf2UqtwIpyZtBt758RrOOnbB7Mg77wwC7czNblcXxVSFseIzo2U9J5lmfmXTE8wAd5vz2HF5SyzRgDr7e4RP1iNR%2F%2BDVyEmhyqjuthoBQKOjjr0pgOh4WkBcV0bZsj15PUcGJunMx7TwaGVSNwrjoXeEHcAECIpZkl7Ni0JoLoLeH3YSik1IwAkZHwd8w0r3XVHkArkzkWXXopdPkeqIOc4hGofJosiifzsXH6RejH1vo1tq4xR4eBvESgPxShJ5tlhWNXeXIWtrSy3tV1XGjGBESXHeQ7DhgcyANTvhNjb3bqJRsaNKg40GWZ2g82K9aJO7Cp8N%2FrIXa5GpH1O97EOIy3ETMN4SDeIxX4%2F2l5QT%2FuCY3WFZAzj1imduipSGadj%2BA60nU%2FAfHP%2F1hMUluzhU9OBgzBF1C6MPU9jCTiKHTBjqsAhIEkqNt5m8Y6gOW7jqb1%2FOaAaJIieGlnrLrU7KcJgP13tk3nZgBFj%2F3WFXdCMN0XDUwrC37aWhOmehnw4fBhnzPpWjE2Cm9oQB2lvqmbefzPjjAlOF7EN%2Bq649HVWkMevcctZjl6HJIyzTI36fnMmWzGRaPYronNVWLor5FzKaA04lPG2IlDO7%2F1sDsixS4YaHDzCjTjqtZLGdVdnsTPlfNWLD%2BCDMX3jsH9Rb9Y9OnDFIRtecGEgwOE9h%2FlMFTJmMj%2B%2FyP8%2Bl%2F91Om3%2BLTubcOty3nwHg152WjM3lxf3K%2F0q%2BKDwDAUb8pBnW3jtxC7yOfiWm9BUue0HamVevcxDGvDjnUslgeb3MLQRTDKjiC6PO79gzi773v5i83EEhiR0gxfIHR7GZwHrAnaQ%3D%3D&X-Amz-Signature=b8e05bdc20f79e7585a76b8fbc0f6260d63cdac1774ee4777da045cb7ed7f73b&X-Amz-SignedHeaders=host&response-content-disposition=inline,https://rasta-vehicle-counter.s3.us-east-1.amazonaws.com/vehicle-counter-unprocessed-video/29%20june/076/f00183.mp4?X-Amz-Algorithm=AWS4-HMAC-SHA256&X-Amz-Content-Sha256=UNSIGNED-PAYLOAD&X-Amz-Credential=ASIA47CRV2VXACWFV2S3%2F20260728%2Fus-east-1%2Fs3%2Faws4_request&X-Amz-Date=20260728T095817Z&X-Amz-Expires=300&X-Amz-Security-Token=IQoJb3JpZ2luX2VjEJr%2F%2F%2F%2F%2F%2F%2F%2F%2F%2FwEaCXVzLWVhc3QtMSJHMEUCICYziqya2M4duHkXsuqAvmN1D9Oa5DVxSIVRo8CPqusNAiEAhiR%2BGvBJeoyYfTTdLOjBQ0TvYlA4tgXhACmwNrD80Skq2gIIYxAAGgw4OTEzNzcwMTQxMjYiDGhhF1kI6l5xK%2F17Ayq3AmaahSl2hfrDGkXvevOmXmIwB%2BsEBP%2B01F2UgzuDF0X%2BEc2KwDWEUcQ%2FQynEJ%2FD20xn%2BFa3KtdX4lGa2y8pbUsR5I105Vi%2BfC1OWo%2Fr%2FyJ2i9x2zN4Gh7S%2FxNYfw%2FjMrYO28g72JNz2guQnVBkwk7FAsKgedMrKshk9RWHlPdQ9cuZnJlDUKJkRrp5k2D9gNaw1gRTz2HFdlDe6KYrs37NjhAchQoX92VsHA9HmNfZ6XYUaw6oVACTGsQ1M6HPpIbtwtaaJTv%2B7I3gHrF8Sx4CG%2Bae5dHCoB4Zt3nf3nKJ7NlykQ7yp%2Bj5%2Fmy41SKdYDaQnMSPSU%2F01jPmufiLIW8Ygr61eayp0%2FGqizSgGM93W9XNBo5NwRqBt2%2F2rlNvY%2BQvn4H%2Fd8rklPdZZQ34PE3PYXO8dQPNCdMJOIodMGOq0CwPZwf0dJ2%2BQy8vCVHk2RYKEXN57BCoBVGndQ9qIEWvB3zneOexXlLbrICWFQ6YElNRMyxgzzy8OGR5ODCv2zf6sKhmmPhRJbeyVJtDku62irBczg2YKg%2BcU6w%2BgVY4E%2Bxt0w3YmmHRyu35EVRl%2FnFzrJ4TXWIJ%2Bpj1nCYUI7nVV61xWLZgS04aKfeobwQUSZFtIkUsFR0BIdJE3OcCbs%2B3R9ue%2Fsht1mwB5zKBWgluHHJoVt3scOB5aXMkWnlxFJ2VwnyWcibGxM29IQzFmyKSuwYhjrjrSm9O%2BLOO%2BRZdtFOwDb8mzNhw2%2F%2FcqaprMe4TtL0Kh79P1nx0QX9cp0Wn0zBB%2FjpdYt3XhRh%2BeguXv5Gt4piWb2QzOKRbZW%2Bol0LYQd7BReT%2Bk5YhDyig%3D%3D&X-Amz-Signature=709af8dc33e3003273199f10dc612f09d3e662f9aab736088fb98c136290a833&X-Amz-SignedHeaders=host&response-content-disposition=inline,,,,,,,,,vehicle-counter-unprocessed-video/29 june/076/f00174.mp4,vehicle-counter-unprocessed-video/29 june/076/f00123.mp4
,,,,,,,,,,,,,
,,,,,,,,,1-Jul,,,,
020,6/20/2026 11:11,https://rasta-vehicle-counter.s3.us-east-1.amazonaws.com/vehicle-counter-unprocessed-video/1%20july/020/f00002.mp4?X-Amz-Algorithm=AWS4-HMAC-SHA256&X-Amz-Content-Sha256=UNSIGNED-PAYLOAD&X-Amz-Credential=ASIA47CRV2VXACWFV2S3%2F20260728%2Fus-east-1%2Fs3%2Faws4_request&X-Amz-Date=20260728T100322Z&X-Amz-Expires=300&X-Amz-Security-Token=IQoJb3JpZ2luX2VjEJr%2F%2F%2F%2F%2F%2F%2F%2F%2F%2FwEaCXVzLWVhc3QtMSJHMEUCICYziqya2M4duHkXsuqAvmN1D9Oa5DVxSIVRo8CPqusNAiEAhiR%2BGvBJeoyYfTTdLOjBQ0TvYlA4tgXhACmwNrD80Skq2gIIYxAAGgw4OTEzNzcwMTQxMjYiDGhhF1kI6l5xK%2F17Ayq3AmaahSl2hfrDGkXvevOmXmIwB%2BsEBP%2B01F2UgzuDF0X%2BEc2KwDWEUcQ%2FQynEJ%2FD20xn%2BFa3KtdX4lGa2y8pbUsR5I105Vi%2BfC1OWo%2Fr%2FyJ2i9x2zN4Gh7S%2FxNYfw%2FjMrYO28g72JNz2guQnVBkwk7FAsKgedMrKshk9RWHlPdQ9cuZnJlDUKJkRrp5k2D9gNaw1gRTz2HFdlDe6KYrs37NjhAchQoX92VsHA9HmNfZ6XYUaw6oVACTGsQ1M6HPpIbtwtaaJTv%2B7I3gHrF8Sx4CG%2Bae5dHCoB4Zt3nf3nKJ7NlykQ7yp%2Bj5%2Fmy41SKdYDaQnMSPSU%2F01jPmufiLIW8Ygr61eayp0%2FGqizSgGM93W9XNBo5NwRqBt2%2F2rlNvY%2BQvn4H%2Fd8rklPdZZQ34PE3PYXO8dQPNCdMJOIodMGOq0CwPZwf0dJ2%2BQy8vCVHk2RYKEXN57BCoBVGndQ9qIEWvB3zneOexXlLbrICWFQ6YElNRMyxgzzy8OGR5ODCv2zf6sKhmmPhRJbeyVJtDku62irBczg2YKg%2BcU6w%2BgVY4E%2Bxt0w3YmmHRyu35EVRl%2FnFzrJ4TXWIJ%2Bpj1nCYUI7nVV61xWLZgS04aKfeobwQUSZFtIkUsFR0BIdJE3OcCbs%2B3R9ue%2Fsht1mwB5zKBWgluHHJoVt3scOB5aXMkWnlxFJ2VwnyWcibGxM29IQzFmyKSuwYhjrjrSm9O%2BLOO%2BRZdtFOwDb8mzNhw2%2F%2FcqaprMe4TtL0Kh79P1nx0QX9cp0Wn0zBB%2FjpdYt3XhRh%2BeguXv5Gt4piWb2QzOKRbZW%2Bol0LYQd7BReT%2Bk5YhDyig%3D%3D&X-Amz-Signature=3e96b269ce57aaaa0b7311ebb63c17b4e9333c5ab997af34ef99c98147606e87&X-Amz-SignedHeaders=host&response-content-disposition=inline,https://rasta-vehicle-counter.s3.us-east-1.amazonaws.com/vehicle-counter-unprocessed-video/1%20july/020/f00139.mp4?X-Amz-Algorithm=AWS4-HMAC-SHA256&X-Amz-Content-Sha256=UNSIGNED-PAYLOAD&X-Amz-Credential=ASIA47CRV2VXGNUL2TZ5%2F20260728%2Fus-east-1%2Fs3%2Faws4_request&X-Amz-Date=20260728T100841Z&X-Amz-Expires=300&X-Amz-Security-Token=IQoJb3JpZ2luX2VjEJv%2F%2F%2F%2F%2F%2F%2F%2F%2F%2FwEaCXVzLWVhc3QtMSJHMEUCIQDkkG7B6mQwn6g8yRYnmQlDYqawj7aKDNa7uQnshMeIuAIgYg3u8Xvi6dOCP6Y0fO8vYgdC6Gn9XTmN6BotA%2BYIWJsq2gIIYxAAGgw4OTEzNzcwMTQxMjYiDG7afweuyQGBdlGFPyq3Aq7I9sBX0z1c4hnPj74TknkfT%2BR4NLlTRhxxgSnDfhD%2FBAbZ6jmiFE6LKNom%2FB6ZsiTr1rWIo1buk1GLMj0Is9NUS9crbb3F%2B%2BD46t%2Fi4SCJ8J9rVaIngBtp99Y6BjzcbHmi5oi1gzTkmn0mE3r7alr3gMxqQ%2BAMhPxkJxGoi0oxJDlHWp7b885ftWQwfango974sjWueUHUlv7LetsfWHF1WPLDPhN9%2Bzbk1a8TpvIw2eF6bm7fXoteCwhnDt9TVzJHdQtqhVrZ4mIyPxncSbRlhQMiUMDm22DKoiFWOSrDmvipHk%2FV%2FZIknNa5jyu3aQNPawoQgnbh3K1Blsr%2B%2FtT4x3o7QHR5FCAYt%2B%2BRiZ5pYafKScQi3hNhG0xDmUx6JijJOEoxMoUjJEWm0Pcu7%2BJbF0NueBbmMJOIodMGOq0CYCQLx5Cj8Gg0uQ6huKlNQ%2BR8BzoUjptx9TCsP0cRP%2BeCg%2Bg0fT%2BngfaNuqBggKryXBtsVDmLDAkPT9nS9Z3LhRq2mArpn4yeURdccUW4o4MTzk4s7j1omKsjSrNQOHdLWr6mTglTkNEoam6Cqhlae3%2FHACTjjUlyZWbSfnfyo%2FzqsEoS2CBswa8kuT22Eo73%2B7mGBiDDNc8xQaTTqvBYH1u0cJz%2FzvwRPiiKPPX1%2FlKsOOYfFJ7D0FXETlrnDHDWn3lUbPPvbcY20FS3ZdzBScj%2B8EW0kAe2Ej60s4oaN5H4YHh0cNQgs8tLgwunwQwvILJgrXF4Rh8lMmeqAP17C6f0nPAA9zVqoog98uaVxnbgL74e9WWbB%2F1QeJ3wwgE489bLus6x33%2FsF40vPw%3D%3D&X-Amz-Signature=bf9f2e636ad5f050a56ee40c15100aaa91893d9e225ce0be56fcc0f5e1bd555f&X-Amz-SignedHeaders=host&response-content-disposition=inline,,,,,,,,,vehicle-counter-unprocessed-video/1 july/020/f00002.mp4,vehicle-counter-unprocessed-video/1 july/020/f00113.mp4
023,6/21/2026 11:11,https://rasta-vehicle-counter.s3.us-east-1.amazonaws.com/vehicle-counter-unprocessed-video/1%20july/023/f00002.mp4?X-Amz-Algorithm=AWS4-HMAC-SHA256&X-Amz-Content-Sha256=UNSIGNED-PAYLOAD&X-Amz-Credential=ASIA47CRV2VXGNUL2TZ5%2F20260728%2Fus-east-1%2Fs3%2Faws4_request&X-Amz-Date=20260728T101008Z&X-Amz-Expires=300&X-Amz-Security-Token=IQoJb3JpZ2luX2VjEJv%2F%2F%2F%2F%2F%2F%2F%2F%2F%2FwEaCXVzLWVhc3QtMSJHMEUCIQDkkG7B6mQwn6g8yRYnmQlDYqawj7aKDNa7uQnshMeIuAIgYg3u8Xvi6dOCP6Y0fO8vYgdC6Gn9XTmN6BotA%2BYIWJsq2gIIYxAAGgw4OTEzNzcwMTQxMjYiDG7afweuyQGBdlGFPyq3Aq7I9sBX0z1c4hnPj74TknkfT%2BR4NLlTRhxxgSnDfhD%2FBAbZ6jmiFE6LKNom%2FB6ZsiTr1rWIo1buk1GLMj0Is9NUS9crbb3F%2B%2BD46t%2Fi4SCJ8J9rVaIngBtp99Y6BjzcbHmi5oi1gzTkmn0mE3r7alr3gMxqQ%2BAMhPxkJxGoi0oxJDlHWp7b885ftWQwfango974sjWueUHUlv7LetsfWHF1WPLDPhN9%2Bzbk1a8TpvIw2eF6bm7fXoteCwhnDt9TVzJHdQtqhVrZ4mIyPxncSbRlhQMiUMDm22DKoiFWOSrDmvipHk%2FV%2FZIknNa5jyu3aQNPawoQgnbh3K1Blsr%2B%2FtT4x3o7QHR5FCAYt%2B%2BRiZ5pYafKScQi3hNhG0xDmUx6JijJOEoxMoUjJEWm0Pcu7%2BJbF0NueBbmMJOIodMGOq0CYCQLx5Cj8Gg0uQ6huKlNQ%2BR8BzoUjptx9TCsP0cRP%2BeCg%2Bg0fT%2BngfaNuqBggKryXBtsVDmLDAkPT9nS9Z3LhRq2mArpn4yeURdccUW4o4MTzk4s7j1omKsjSrNQOHdLWr6mTglTkNEoam6Cqhlae3%2FHACTjjUlyZWbSfnfyo%2FzqsEoS2CBswa8kuT22Eo73%2B7mGBiDDNc8xQaTTqvBYH1u0cJz%2FzvwRPiiKPPX1%2FlKsOOYfFJ7D0FXETlrnDHDWn3lUbPPvbcY20FS3ZdzBScj%2B8EW0kAe2Ej60s4oaN5H4YHh0cNQgs8tLgwunwQwvILJgrXF4Rh8lMmeqAP17C6f0nPAA9zVqoog98uaVxnbgL74e9WWbB%2F1QeJ3wwgE489bLus6x33%2FsF40vPw%3D%3D&X-Amz-Signature=92f70088d1f1fb5e66ca9c7ff068f60b06098d1ab79ad289d4fc4c90c1b91ff5&X-Amz-SignedHeaders=host&response-content-disposition=inline,https://rasta-vehicle-counter.s3.us-east-1.amazonaws.com/vehicle-counter-unprocessed-video/1%20july/023/f00015.mp4?X-Amz-Algorithm=AWS4-HMAC-SHA256&X-Amz-Content-Sha256=UNSIGNED-PAYLOAD&X-Amz-Credential=ASIA47CRV2VXGNUL2TZ5%2F20260728%2Fus-east-1%2Fs3%2Faws4_request&X-Amz-Date=20260728T101147Z&X-Amz-Expires=300&X-Amz-Security-Token=IQoJb3JpZ2luX2VjEJv%2F%2F%2F%2F%2F%2F%2F%2F%2F%2FwEaCXVzLWVhc3QtMSJHMEUCIQDkkG7B6mQwn6g8yRYnmQlDYqawj7aKDNa7uQnshMeIuAIgYg3u8Xvi6dOCP6Y0fO8vYgdC6Gn9XTmN6BotA%2BYIWJsq2gIIYxAAGgw4OTEzNzcwMTQxMjYiDG7afweuyQGBdlGFPyq3Aq7I9sBX0z1c4hnPj74TknkfT%2BR4NLlTRhxxgSnDfhD%2FBAbZ6jmiFE6LKNom%2FB6ZsiTr1rWIo1buk1GLMj0Is9NUS9crbb3F%2B%2BD46t%2Fi4SCJ8J9rVaIngBtp99Y6BjzcbHmi5oi1gzTkmn0mE3r7alr3gMxqQ%2BAMhPxkJxGoi0oxJDlHWp7b885ftWQwfango974sjWueUHUlv7LetsfWHF1WPLDPhN9%2Bzbk1a8TpvIw2eF6bm7fXoteCwhnDt9TVzJHdQtqhVrZ4mIyPxncSbRlhQMiUMDm22DKoiFWOSrDmvipHk%2FV%2FZIknNa5jyu3aQNPawoQgnbh3K1Blsr%2B%2FtT4x3o7QHR5FCAYt%2B%2BRiZ5pYafKScQi3hNhG0xDmUx6JijJOEoxMoUjJEWm0Pcu7%2BJbF0NueBbmMJOIodMGOq0CYCQLx5Cj8Gg0uQ6huKlNQ%2BR8BzoUjptx9TCsP0cRP%2BeCg%2Bg0fT%2BngfaNuqBggKryXBtsVDmLDAkPT9nS9Z3LhRq2mArpn4yeURdccUW4o4MTzk4s7j1omKsjSrNQOHdLWr6mTglTkNEoam6Cqhlae3%2FHACTjjUlyZWbSfnfyo%2FzqsEoS2CBswa8kuT22Eo73%2B7mGBiDDNc8xQaTTqvBYH1u0cJz%2FzvwRPiiKPPX1%2FlKsOOYfFJ7D0FXETlrnDHDWn3lUbPPvbcY20FS3ZdzBScj%2B8EW0kAe2Ej60s4oaN5H4YHh0cNQgs8tLgwunwQwvILJgrXF4Rh8lMmeqAP17C6f0nPAA9zVqoog98uaVxnbgL74e9WWbB%2F1QeJ3wwgE489bLus6x33%2FsF40vPw%3D%3D&X-Amz-Signature=f81976cbe2909233517d25a311e9ceda134b231b43b302e123026d3c56296ce6&X-Amz-SignedHeaders=host&response-content-disposition=inline,,,,,,,,,vehicle-counter-unprocessed-video/1 july/023/f00002.mp4,vehicle-counter-unprocessed-video/1 july/023/f00013.mp4
025,6/20/2026 11:11,https://rasta-vehicle-counter.s3.us-east-1.amazonaws.com/vehicle-counter-unprocessed-video/1%20july/025/f00002.mp4?X-Amz-Algorithm=AWS4-HMAC-SHA256&X-Amz-Content-Sha256=UNSIGNED-PAYLOAD&X-Amz-Credential=ASIA47CRV2VXGNUL2TZ5%2F20260728%2Fus-east-1%2Fs3%2Faws4_request&X-Amz-Date=20260728T101245Z&X-Amz-Expires=300&X-Amz-Security-Token=IQoJb3JpZ2luX2VjEJv%2F%2F%2F%2F%2F%2F%2F%2F%2F%2FwEaCXVzLWVhc3QtMSJHMEUCIQDkkG7B6mQwn6g8yRYnmQlDYqawj7aKDNa7uQnshMeIuAIgYg3u8Xvi6dOCP6Y0fO8vYgdC6Gn9XTmN6BotA%2BYIWJsq2gIIYxAAGgw4OTEzNzcwMTQxMjYiDG7afweuyQGBdlGFPyq3Aq7I9sBX0z1c4hnPj74TknkfT%2BR4NLlTRhxxgSnDfhD%2FBAbZ6jmiFE6LKNom%2FB6ZsiTr1rWIo1buk1GLMj0Is9NUS9crbb3F%2B%2BD46t%2Fi4SCJ8J9rVaIngBtp99Y6BjzcbHmi5oi1gzTkmn0mE3r7alr3gMxqQ%2BAMhPxkJxGoi0oxJDlHWp7b885ftWQwfango974sjWueUHUlv7LetsfWHF1WPLDPhN9%2Bzbk1a8TpvIw2eF6bm7fXoteCwhnDt9TVzJHdQtqhVrZ4mIyPxncSbRlhQMiUMDm22DKoiFWOSrDmvipHk%2FV%2FZIknNa5jyu3aQNPawoQgnbh3K1Blsr%2B%2FtT4x3o7QHR5FCAYt%2B%2BRiZ5pYafKScQi3hNhG0xDmUx6JijJOEoxMoUjJEWm0Pcu7%2BJbF0NueBbmMJOIodMGOq0CYCQLx5Cj8Gg0uQ6huKlNQ%2BR8BzoUjptx9TCsP0cRP%2BeCg%2Bg0fT%2BngfaNuqBggKryXBtsVDmLDAkPT9nS9Z3LhRq2mArpn4yeURdccUW4o4MTzk4s7j1omKsjSrNQOHdLWr6mTglTkNEoam6Cqhlae3%2FHACTjjUlyZWbSfnfyo%2FzqsEoS2CBswa8kuT22Eo73%2B7mGBiDDNc8xQaTTqvBYH1u0cJz%2FzvwRPiiKPPX1%2FlKsOOYfFJ7D0FXETlrnDHDWn3lUbPPvbcY20FS3ZdzBScj%2B8EW0kAe2Ej60s4oaN5H4YHh0cNQgs8tLgwunwQwvILJgrXF4Rh8lMmeqAP17C6f0nPAA9zVqoog98uaVxnbgL74e9WWbB%2F1QeJ3wwgE489bLus6x33%2FsF40vPw%3D%3D&X-Amz-Signature=af26d0b0b762416b2dff764f7a045ee70e03077afe0f31ffe1e11c3209fb430b&X-Amz-SignedHeaders=host&response-content-disposition=inline,https://rasta-vehicle-counter.s3.us-east-1.amazonaws.com/vehicle-counter-unprocessed-video/1%20july/025/f00002.mp4?X-Amz-Algorithm=AWS4-HMAC-SHA256&X-Amz-Content-Sha256=UNSIGNED-PAYLOAD&X-Amz-Credential=ASIA47CRV2VXGNUL2TZ5%2F20260728%2Fus-east-1%2Fs3%2Faws4_request&X-Amz-Date=20260728T101423Z&X-Amz-Expires=300&X-Amz-Security-Token=IQoJb3JpZ2luX2VjEJv%2F%2F%2F%2F%2F%2F%2F%2F%2F%2FwEaCXVzLWVhc3QtMSJHMEUCIQDkkG7B6mQwn6g8yRYnmQlDYqawj7aKDNa7uQnshMeIuAIgYg3u8Xvi6dOCP6Y0fO8vYgdC6Gn9XTmN6BotA%2BYIWJsq2gIIYxAAGgw4OTEzNzcwMTQxMjYiDG7afweuyQGBdlGFPyq3Aq7I9sBX0z1c4hnPj74TknkfT%2BR4NLlTRhxxgSnDfhD%2FBAbZ6jmiFE6LKNom%2FB6ZsiTr1rWIo1buk1GLMj0Is9NUS9crbb3F%2B%2BD46t%2Fi4SCJ8J9rVaIngBtp99Y6BjzcbHmi5oi1gzTkmn0mE3r7alr3gMxqQ%2BAMhPxkJxGoi0oxJDlHWp7b885ftWQwfango974sjWueUHUlv7LetsfWHF1WPLDPhN9%2Bzbk1a8TpvIw2eF6bm7fXoteCwhnDt9TVzJHdQtqhVrZ4mIyPxncSbRlhQMiUMDm22DKoiFWOSrDmvipHk%2FV%2FZIknNa5jyu3aQNPawoQgnbh3K1Blsr%2B%2FtT4x3o7QHR5FCAYt%2B%2BRiZ5pYafKScQi3hNhG0xDmUx6JijJOEoxMoUjJEWm0Pcu7%2BJbF0NueBbmMJOIodMGOq0CYCQLx5Cj8Gg0uQ6huKlNQ%2BR8BzoUjptx9TCsP0cRP%2BeCg%2Bg0fT%2BngfaNuqBggKryXBtsVDmLDAkPT9nS9Z3LhRq2mArpn4yeURdccUW4o4MTzk4s7j1omKsjSrNQOHdLWr6mTglTkNEoam6Cqhlae3%2FHACTjjUlyZWbSfnfyo%2FzqsEoS2CBswa8kuT22Eo73%2B7mGBiDDNc8xQaTTqvBYH1u0cJz%2FzvwRPiiKPPX1%2FlKsOOYfFJ7D0FXETlrnDHDWn3lUbPPvbcY20FS3ZdzBScj%2B8EW0kAe2Ej60s4oaN5H4YHh0cNQgs8tLgwunwQwvILJgrXF4Rh8lMmeqAP17C6f0nPAA9zVqoog98uaVxnbgL74e9WWbB%2F1QeJ3wwgE489bLus6x33%2FsF40vPw%3D%3D&X-Amz-Signature=7213001ebe7224f4858f7763b14a791de759f0bfb0deaf71cfb859bf6d188d5c&X-Amz-SignedHeaders=host&response-content-disposition=inline,,,,,,,,,vehicle-counter-unprocessed-video/1 july/025/f00005.mp4,vehicle-counter-unprocessed-video/1 july/025/f00002.mp4
064,6/20/2026 11:11,https://rasta-vehicle-counter.s3.us-east-1.amazonaws.com/vehicle-counter-unprocessed-video/1%20july/064/f00180.mp4?X-Amz-Algorithm=AWS4-HMAC-SHA256&X-Amz-Content-Sha256=UNSIGNED-PAYLOAD&X-Amz-Credential=ASIA47CRV2VXGQ7ZTJIX%2F20260728%2Fus-east-1%2Fs3%2Faws4_request&X-Amz-Date=20260728T101929Z&X-Amz-Expires=300&X-Amz-Security-Token=IQoJb3JpZ2luX2VjEJv%2F%2F%2F%2F%2F%2F%2F%2F%2F%2FwEaCXVzLWVhc3QtMSJIMEYCIQDzlJH9hETIREPGJFktlyyJN02NnTpJv81K2wCr9v9gpQIhAOnGPm6m%2FGKobvzX%2Bf8RIhfiBye21qDeWcCSJsvTdP8rKtsCCGMQABoMODkxMzc3MDE0MTI2IgwczOJ3Q58Z8ovpBwkquALLUkWUUSIkKxpkBnZoqdlbuyB5kNASud4fgV8lLqA7QeI5HRUHGYqQmbgbXwLYwGt%2B3lXrLJLtBA8OBbB8JMcFB5ajuftaE99LFX2yoyW4PE2T%2BuMzRr1XiaJpO5SqWQghJrE3GAkftku5iw6VMsdgDLN3XR0jsbzLQeFL%2FB%2BqYubxPEXhx2OEz0EAI1ASCwnuYoG0M%2FC5l%2FdrwAq1OJJsyEFrF5k7dekRTqTOYa419ogPkj08cjT90puhCS7VyZuXGm0S7NhMvF8JOGmStBS04Bm9M6FmHIB7LqhSgHW%2B42CJ%2Bg9sc%2FtRg9jwbb5TtKC7Onf%2FOtOPqMzMvBCg%2Bs9mvUAyZcYE%2BkeHNdi6QMLlNa13wdhhZObsjqHdBfd0rj8xV0W%2FgVTOCPQCqwIsPoCaicZGFa8EbyIwk4ih0wY6rAL1dPYi5OHzTFsecUX8InFaR7XEoW961Ptp3wR5iU%2FVyE4YnVP22c%2FqUYwEnwD8hsAwtYTIGO0oJ%2BHmpyf8fpzIUbmLm0fzkRQdZ0w5YvTt8YcQBQ62d3QAJCbufRd78171Keh33OwKNvDubBJ9UxRBzW%2FhrFkQZshaXHEE48i%2BIBw5C1lgOFJNVv13Dg6vfeUYLZ72qi63eYczvZAFokMTOgo5ORewnmkJkVtriLXnnCFBT3EUayjOJXan95xFCye2IGaOd3wdbuenYLsS8pdTOGtgjRgHNG%2BbFZcfqCmtIFbz%2FtKi5jGl0CGqTvU8oJ%2FfBnKJn2YDiPhA4TShpTt1pAYDDNqdcwRATPrwRfgM0E7AzfRanVK0if1hx%2BPjhWvvQbq56KvwbNh8pzk%3D&X-Amz-Signature=14735cdce5767dbcd4b2b3f16299f74df8145fd32ab0d381b27274c49096dd52&X-Amz-SignedHeaders=host&response-content-disposition=inline,https://rasta-vehicle-counter.s3.us-east-1.amazonaws.com/vehicle-counter-unprocessed-video/1%20july/064/f00003.mp4?X-Amz-Algorithm=AWS4-HMAC-SHA256&X-Amz-Content-Sha256=UNSIGNED-PAYLOAD&X-Amz-Credential=ASIA47CRV2VXGNUL2TZ5%2F20260728%2Fus-east-1%2Fs3%2Faws4_request&X-Amz-Date=20260728T101639Z&X-Amz-Expires=300&X-Amz-Security-Token=IQoJb3JpZ2luX2VjEJv%2F%2F%2F%2F%2F%2F%2F%2F%2F%2FwEaCXVzLWVhc3QtMSJHMEUCIQDkkG7B6mQwn6g8yRYnmQlDYqawj7aKDNa7uQnshMeIuAIgYg3u8Xvi6dOCP6Y0fO8vYgdC6Gn9XTmN6BotA%2BYIWJsq2gIIYxAAGgw4OTEzNzcwMTQxMjYiDG7afweuyQGBdlGFPyq3Aq7I9sBX0z1c4hnPj74TknkfT%2BR4NLlTRhxxgSnDfhD%2FBAbZ6jmiFE6LKNom%2FB6ZsiTr1rWIo1buk1GLMj0Is9NUS9crbb3F%2B%2BD46t%2Fi4SCJ8J9rVaIngBtp99Y6BjzcbHmi5oi1gzTkmn0mE3r7alr3gMxqQ%2BAMhPxkJxGoi0oxJDlHWp7b885ftWQwfango974sjWueUHUlv7LetsfWHF1WPLDPhN9%2Bzbk1a8TpvIw2eF6bm7fXoteCwhnDt9TVzJHdQtqhVrZ4mIyPxncSbRlhQMiUMDm22DKoiFWOSrDmvipHk%2FV%2FZIknNa5jyu3aQNPawoQgnbh3K1Blsr%2B%2FtT4x3o7QHR5FCAYt%2B%2BRiZ5pYafKScQi3hNhG0xDmUx6JijJOEoxMoUjJEWm0Pcu7%2BJbF0NueBbmMJOIodMGOq0CYCQLx5Cj8Gg0uQ6huKlNQ%2BR8BzoUjptx9TCsP0cRP%2BeCg%2Bg0fT%2BngfaNuqBggKryXBtsVDmLDAkPT9nS9Z3LhRq2mArpn4yeURdccUW4o4MTzk4s7j1omKsjSrNQOHdLWr6mTglTkNEoam6Cqhlae3%2FHACTjjUlyZWbSfnfyo%2FzqsEoS2CBswa8kuT22Eo73%2B7mGBiDDNc8xQaTTqvBYH1u0cJz%2FzvwRPiiKPPX1%2FlKsOOYfFJ7D0FXETlrnDHDWn3lUbPPvbcY20FS3ZdzBScj%2B8EW0kAe2Ej60s4oaN5H4YHh0cNQgs8tLgwunwQwvILJgrXF4Rh8lMmeqAP17C6f0nPAA9zVqoog98uaVxnbgL74e9WWbB%2F1QeJ3wwgE489bLus6x33%2FsF40vPw%3D%3D&X-Amz-Signature=1255d81baea9c2e2ced5346d5842bfc678010dd851112a11a4af8c4701c81e3a&X-Amz-SignedHeaders=host&response-content-disposition=inline,,,,,,,,,vehicle-counter-unprocessed-video/1 july/064/f00058.mp4,vehicle-counter-unprocessed-video/1 july/064/f00003.mp4
080,6/19/2026 11:11,https://rasta-vehicle-counter.s3.us-east-1.amazonaws.com/vehicle-counter-unprocessed-video/1%20july/080/f00002.mp4?X-Amz-Algorithm=AWS4-HMAC-SHA256&X-Amz-Content-Sha256=UNSIGNED-PAYLOAD&X-Amz-Credential=ASIA47CRV2VXGQ7ZTJIX%2F20260728%2Fus-east-1%2Fs3%2Faws4_request&X-Amz-Date=20260728T102115Z&X-Amz-Expires=300&X-Amz-Security-Token=IQoJb3JpZ2luX2VjEJv%2F%2F%2F%2F%2F%2F%2F%2F%2F%2FwEaCXVzLWVhc3QtMSJIMEYCIQDzlJH9hETIREPGJFktlyyJN02NnTpJv81K2wCr9v9gpQIhAOnGPm6m%2FGKobvzX%2Bf8RIhfiBye21qDeWcCSJsvTdP8rKtsCCGMQABoMODkxMzc3MDE0MTI2IgwczOJ3Q58Z8ovpBwkquALLUkWUUSIkKxpkBnZoqdlbuyB5kNASud4fgV8lLqA7QeI5HRUHGYqQmbgbXwLYwGt%2B3lXrLJLtBA8OBbB8JMcFB5ajuftaE99LFX2yoyW4PE2T%2BuMzRr1XiaJpO5SqWQghJrE3GAkftku5iw6VMsdgDLN3XR0jsbzLQeFL%2FB%2BqYubxPEXhx2OEz0EAI1ASCwnuYoG0M%2FC5l%2FdrwAq1OJJsyEFrF5k7dekRTqTOYa419ogPkj08cjT90puhCS7VyZuXGm0S7NhMvF8JOGmStBS04Bm9M6FmHIB7LqhSgHW%2B42CJ%2Bg9sc%2FtRg9jwbb5TtKC7Onf%2FOtOPqMzMvBCg%2Bs9mvUAyZcYE%2BkeHNdi6QMLlNa13wdhhZObsjqHdBfd0rj8xV0W%2FgVTOCPQCqwIsPoCaicZGFa8EbyIwk4ih0wY6rAL1dPYi5OHzTFsecUX8InFaR7XEoW961Ptp3wR5iU%2FVyE4YnVP22c%2FqUYwEnwD8hsAwtYTIGO0oJ%2BHmpyf8fpzIUbmLm0fzkRQdZ0w5YvTt8YcQBQ62d3QAJCbufRd78171Keh33OwKNvDubBJ9UxRBzW%2FhrFkQZshaXHEE48i%2BIBw5C1lgOFJNVv13Dg6vfeUYLZ72qi63eYczvZAFokMTOgo5ORewnmkJkVtriLXnnCFBT3EUayjOJXan95xFCye2IGaOd3wdbuenYLsS8pdTOGtgjRgHNG%2BbFZcfqCmtIFbz%2FtKi5jGl0CGqTvU8oJ%2FfBnKJn2YDiPhA4TShpTt1pAYDDNqdcwRATPrwRfgM0E7AzfRanVK0if1hx%2BPjhWvvQbq56KvwbNh8pzk%3D&X-Amz-Signature=3d6c45e9016e21be51acf98bb8564ed4d8acefdd2b87f26f98ff20c49575a9c0&X-Amz-SignedHeaders=host&response-content-disposition=inline,https://rasta-vehicle-counter.s3.us-east-1.amazonaws.com/vehicle-counter-unprocessed-video/1%20july/080/f00076.mp4?X-Amz-Algorithm=AWS4-HMAC-SHA256&X-Amz-Content-Sha256=UNSIGNED-PAYLOAD&X-Amz-Credential=ASIA47CRV2VXGQ7ZTJIX%2F20260728%2Fus-east-1%2Fs3%2Faws4_request&X-Amz-Date=20260728T102416Z&X-Amz-Expires=300&X-Amz-Security-Token=IQoJb3JpZ2luX2VjEJv%2F%2F%2F%2F%2F%2F%2F%2F%2F%2FwEaCXVzLWVhc3QtMSJIMEYCIQDzlJH9hETIREPGJFktlyyJN02NnTpJv81K2wCr9v9gpQIhAOnGPm6m%2FGKobvzX%2Bf8RIhfiBye21qDeWcCSJsvTdP8rKtsCCGMQABoMODkxMzc3MDE0MTI2IgwczOJ3Q58Z8ovpBwkquALLUkWUUSIkKxpkBnZoqdlbuyB5kNASud4fgV8lLqA7QeI5HRUHGYqQmbgbXwLYwGt%2B3lXrLJLtBA8OBbB8JMcFB5ajuftaE99LFX2yoyW4PE2T%2BuMzRr1XiaJpO5SqWQghJrE3GAkftku5iw6VMsdgDLN3XR0jsbzLQeFL%2FB%2BqYubxPEXhx2OEz0EAI1ASCwnuYoG0M%2FC5l%2FdrwAq1OJJsyEFrF5k7dekRTqTOYa419ogPkj08cjT90puhCS7VyZuXGm0S7NhMvF8JOGmStBS04Bm9M6FmHIB7LqhSgHW%2B42CJ%2Bg9sc%2FtRg9jwbb5TtKC7Onf%2FOtOPqMzMvBCg%2Bs9mvUAyZcYE%2BkeHNdi6QMLlNa13wdhhZObsjqHdBfd0rj8xV0W%2FgVTOCPQCqwIsPoCaicZGFa8EbyIwk4ih0wY6rAL1dPYi5OHzTFsecUX8InFaR7XEoW961Ptp3wR5iU%2FVyE4YnVP22c%2FqUYwEnwD8hsAwtYTIGO0oJ%2BHmpyf8fpzIUbmLm0fzkRQdZ0w5YvTt8YcQBQ62d3QAJCbufRd78171Keh33OwKNvDubBJ9UxRBzW%2FhrFkQZshaXHEE48i%2BIBw5C1lgOFJNVv13Dg6vfeUYLZ72qi63eYczvZAFokMTOgo5ORewnmkJkVtriLXnnCFBT3EUayjOJXan95xFCye2IGaOd3wdbuenYLsS8pdTOGtgjRgHNG%2BbFZcfqCmtIFbz%2FtKi5jGl0CGqTvU8oJ%2FfBnKJn2YDiPhA4TShpTt1pAYDDNqdcwRATPrwRfgM0E7AzfRanVK0if1hx%2BPjhWvvQbq56KvwbNh8pzk%3D&X-Amz-Signature=59d8fe6a3e57808d279645a116eba63e9779ecea3d31337f9f7a7d7f1eb48fd7&X-Amz-SignedHeaders=host&response-content-disposition=inline,,,,,,,,,vehicle-counter-unprocessed-video/1 july/080/f00012.mp4,vehicle-counter-unprocessed-video/1 july/080/f00002.mp4
082,6/19/2026 11:11,https://rasta-vehicle-counter.s3.us-east-1.amazonaws.com/vehicle-counter-unprocessed-video/1%20july/082/f00002.mp4?X-Amz-Algorithm=AWS4-HMAC-SHA256&X-Amz-Content-Sha256=UNSIGNED-PAYLOAD&X-Amz-Credential=ASIA47CRV2VXGQ7ZTJIX%2F20260728%2Fus-east-1%2Fs3%2Faws4_request&X-Amz-Date=20260728T102636Z&X-Amz-Expires=300&X-Amz-Security-Token=IQoJb3JpZ2luX2VjEJv%2F%2F%2F%2F%2F%2F%2F%2F%2F%2FwEaCXVzLWVhc3QtMSJIMEYCIQDzlJH9hETIREPGJFktlyyJN02NnTpJv81K2wCr9v9gpQIhAOnGPm6m%2FGKobvzX%2Bf8RIhfiBye21qDeWcCSJsvTdP8rKtsCCGMQABoMODkxMzc3MDE0MTI2IgwczOJ3Q58Z8ovpBwkquALLUkWUUSIkKxpkBnZoqdlbuyB5kNASud4fgV8lLqA7QeI5HRUHGYqQmbgbXwLYwGt%2B3lXrLJLtBA8OBbB8JMcFB5ajuftaE99LFX2yoyW4PE2T%2BuMzRr1XiaJpO5SqWQghJrE3GAkftku5iw6VMsdgDLN3XR0jsbzLQeFL%2FB%2BqYubxPEXhx2OEz0EAI1ASCwnuYoG0M%2FC5l%2FdrwAq1OJJsyEFrF5k7dekRTqTOYa419ogPkj08cjT90puhCS7VyZuXGm0S7NhMvF8JOGmStBS04Bm9M6FmHIB7LqhSgHW%2B42CJ%2Bg9sc%2FtRg9jwbb5TtKC7Onf%2FOtOPqMzMvBCg%2Bs9mvUAyZcYE%2BkeHNdi6QMLlNa13wdhhZObsjqHdBfd0rj8xV0W%2FgVTOCPQCqwIsPoCaicZGFa8EbyIwk4ih0wY6rAL1dPYi5OHzTFsecUX8InFaR7XEoW961Ptp3wR5iU%2FVyE4YnVP22c%2FqUYwEnwD8hsAwtYTIGO0oJ%2BHmpyf8fpzIUbmLm0fzkRQdZ0w5YvTt8YcQBQ62d3QAJCbufRd78171Keh33OwKNvDubBJ9UxRBzW%2FhrFkQZshaXHEE48i%2BIBw5C1lgOFJNVv13Dg6vfeUYLZ72qi63eYczvZAFokMTOgo5ORewnmkJkVtriLXnnCFBT3EUayjOJXan95xFCye2IGaOd3wdbuenYLsS8pdTOGtgjRgHNG%2BbFZcfqCmtIFbz%2FtKi5jGl0CGqTvU8oJ%2FfBnKJn2YDiPhA4TShpTt1pAYDDNqdcwRATPrwRfgM0E7AzfRanVK0if1hx%2BPjhWvvQbq56KvwbNh8pzk%3D&X-Amz-Signature=8c3fa33af49d6edeeeeee7e857b93c23cbe9dc9252d8482e7512cbd69d9c139d&X-Amz-SignedHeaders=host&response-content-disposition=inline,https://rasta-vehicle-counter.s3.us-east-1.amazonaws.com/vehicle-counter-unprocessed-video/1%20july/082/f00087.mp4?X-Amz-Algorithm=AWS4-HMAC-SHA256&X-Amz-Content-Sha256=UNSIGNED-PAYLOAD&X-Amz-Credential=ASIA47CRV2VXGQ7ZTJIX%2F20260728%2Fus-east-1%2Fs3%2Faws4_request&X-Amz-Date=20260728T102800Z&X-Amz-Expires=300&X-Amz-Security-Token=IQoJb3JpZ2luX2VjEJv%2F%2F%2F%2F%2F%2F%2F%2F%2F%2FwEaCXVzLWVhc3QtMSJIMEYCIQDzlJH9hETIREPGJFktlyyJN02NnTpJv81K2wCr9v9gpQIhAOnGPm6m%2FGKobvzX%2Bf8RIhfiBye21qDeWcCSJsvTdP8rKtsCCGMQABoMODkxMzc3MDE0MTI2IgwczOJ3Q58Z8ovpBwkquALLUkWUUSIkKxpkBnZoqdlbuyB5kNASud4fgV8lLqA7QeI5HRUHGYqQmbgbXwLYwGt%2B3lXrLJLtBA8OBbB8JMcFB5ajuftaE99LFX2yoyW4PE2T%2BuMzRr1XiaJpO5SqWQghJrE3GAkftku5iw6VMsdgDLN3XR0jsbzLQeFL%2FB%2BqYubxPEXhx2OEz0EAI1ASCwnuYoG0M%2FC5l%2FdrwAq1OJJsyEFrF5k7dekRTqTOYa419ogPkj08cjT90puhCS7VyZuXGm0S7NhMvF8JOGmStBS04Bm9M6FmHIB7LqhSgHW%2B42CJ%2Bg9sc%2FtRg9jwbb5TtKC7Onf%2FOtOPqMzMvBCg%2Bs9mvUAyZcYE%2BkeHNdi6QMLlNa13wdhhZObsjqHdBfd0rj8xV0W%2FgVTOCPQCqwIsPoCaicZGFa8EbyIwk4ih0wY6rAL1dPYi5OHzTFsecUX8InFaR7XEoW961Ptp3wR5iU%2FVyE4YnVP22c%2FqUYwEnwD8hsAwtYTIGO0oJ%2BHmpyf8fpzIUbmLm0fzkRQdZ0w5YvTt8YcQBQ62d3QAJCbufRd78171Keh33OwKNvDubBJ9UxRBzW%2FhrFkQZshaXHEE48i%2BIBw5C1lgOFJNVv13Dg6vfeUYLZ72qi63eYczvZAFokMTOgo5ORewnmkJkVtriLXnnCFBT3EUayjOJXan95xFCye2IGaOd3wdbuenYLsS8pdTOGtgjRgHNG%2BbFZcfqCmtIFbz%2FtKi5jGl0CGqTvU8oJ%2FfBnKJn2YDiPhA4TShpTt1pAYDDNqdcwRATPrwRfgM0E7AzfRanVK0if1hx%2BPjhWvvQbq56KvwbNh8pzk%3D&X-Amz-Signature=70d5c7981b2d0759191b770fc74f231368b66ec2ae8220823d3135d169c020d1&X-Amz-SignedHeaders=host&response-content-disposition=inline,,,,,,,,,vehicle-counter-unprocessed-video/1 july/082/f00002.mp4,vehicle-counter-unprocessed-video/1 july/082/f00086.mp4
,,,,,,,,,,,,,
,,,,,,,,,3-Jul,,,,
002,6/24/2026 11:11,https://rasta-vehicle-counter.s3.us-east-1.amazonaws.com/vehicle-counter-unprocessed-video/3%20july/002/f00002.mp4?X-Amz-Algorithm=AWS4-HMAC-SHA256&X-Amz-Content-Sha256=UNSIGNED-PAYLOAD&X-Amz-Credential=ASIA47CRV2VXF25Z4TH7%2F20260728%2Fus-east-1%2Fs3%2Faws4_request&X-Amz-Date=20260728T103155Z&X-Amz-Expires=300&X-Amz-Security-Token=IQoJb3JpZ2luX2VjEJv%2F%2F%2F%2F%2F%2F%2F%2F%2F%2FwEaCXVzLWVhc3QtMSJGMEQCID%2BqjJWwv%2F%2Fm%2BxliUGD%2FSC0JrDtAJ4hM8xpHzUCmZfY9AiBXfT6Gi3SOniLrnmrtBi1tQOVTpHqIPOHgmDoI%2FOXVwCrbAghkEAAaDDg5MTM3NzAxNDEyNiIMTuOvRAOp%2BDD3wxxVKrgCcXOuTtCjdGkHe2RZpKDfF7dJcvQClb5b%2BxsSRCdMFsI%2BiQV1RKrWa%2FVeYc%2BQhr9PqvPelQi%2BhUr9mL8j2AWe5L7JziN%2F7WxpaOhfMFwz5cOXjehJKshg7bO%2BDbH1GJksVlgnAmlv3xSVoA%2BrM9LrYeqiEO%2F16zHk7eu7M%2BAlao9bPlOzyB8Nl1Js3XzSAF49QEQXPsgG3IzDgxVnHBMtqRvC6R3dHBI4yOFn2NiIIoWBZI7k9vk5Ie1CBlyO1Yzp9iFmDbm1uPDZR5MU7u0iIaYIZbL9hmiHWwyDQZbU44yGBEREHe0jA1QAzTYPuiP2cvl3JYGKkX2s0ptsI93T768aaV0%2FDmXrOGL%2B9bY53K6QPSVjVoJueba%2Bepm4jgO%2FvRqLeoLgnxHQaIaQvagKcP%2F3ABRoWfOtMJOIodMGOq4CBlyI63IfpK8ne14IKoFeI3qhreHUDE4F0mFZ%2BoDw4uGr2RiW00zH239MwdsdOQM0T%2FLcDs%2FHQPEh3pRsQFLqMO8jsbEvK%2BzeArrcqYlyNaznn9ti%2BEYTj69b0DEo%2BV8UesmPcVHvW%2F6v0%2B3Ba9oJIR3BjixRTNX5zXNK0wN4o6XXnqgAEsjCq%2BFsNSpDL%2Br0hHw2%2BE24JXB4itUKnk8nCSv0NWJFPnGZIO0DV4iwL4z8SF00IA43VhuzfPBgQIxd48qebTUU%2FMi3kszD1kNev06qbM6A16CemVYYe1A8Pwc60JuDFbRUeptenaEi%2FuOuxSrV9MPnHY1MlublJoakbOA1ZnnGVchNWTKLlNcUtMkC6L7rPgMIzG3aAJb43VAx2SpSW9NzL%2F8XuXf3x0w%3D&X-Amz-Signature=c30a8d0bd86a4de3d5002d8ea70e55786b848c5d9323b39b2c765adf8f953221&X-Amz-SignedHeaders=host&response-content-disposition=inline,https://rasta-vehicle-counter.s3.us-east-1.amazonaws.com/vehicle-counter-unprocessed-video/3%20july/002/f00102.mp4?X-Amz-Algorithm=AWS4-HMAC-SHA256&X-Amz-Content-Sha256=UNSIGNED-PAYLOAD&X-Amz-Credential=ASIA47CRV2VXL7UENYCQ%2F20260728%2Fus-east-1%2Fs3%2Faws4_request&X-Amz-Date=20260728T103932Z&X-Amz-Expires=300&X-Amz-Security-Token=IQoJb3JpZ2luX2VjEJv%2F%2F%2F%2F%2F%2F%2F%2F%2F%2FwEaCXVzLWVhc3QtMSJIMEYCIQCb4qBh8cRQqdmVd2GvfVzWBvvTZoQFrO15scg6POMIpQIhAOIJxqc2BQK5qXR5gIgq8ktTgVoGCxTbzKShEUNisOpqKtsCCGQQABoMODkxMzc3MDE0MTI2IgzpytvKd%2BjNgeHppCAquAIyrPZS9kXAlbmmIaa0O7VrKG403RFIlCW7nIeR51nVEXG8mq5zf345e2Xk%2FMcRmR6%2BygdXrV3d%2BpkjB7BsZW94ijXoQekqKUru6nkU493SXphx6GLP1xuJCfkA5wf%2BAATJ9ha%2Ba5Vq8il7f7BXrSXef0clqgIbfT7aHyTRy%2BAFDsfr2O4rpMzltjyf0YxHBaomK9rSL2tZm4Dh6fvAPboBsFczYuuFMzOIINLJ483hZSx3FY6hRUQf33sYoCMJcVFUQu%2FZUI6zdKnGds7%2BrRaIVfUj7tmqlDxhl%2FPlGJouBlKST4tPN1MhsD2YP%2FMpP8TttPzbzD0PkB7eMMCDm9nzroZ4tH%2FaOdzkgXhF2012MTXLCfpE9WPdn9D9hAY0hcr7TEmFIC9nm6csdoPAzcEFeoOLpEOCttQwk4ih0wY6rALnWfapyw9HBiPA8WAlu8gyH0DkXF1fuuOo%2BTkOulhEFTxauq5iv6J4tc4pVu2EiGrhXUjiVKqp4bZZwgk3hmT2B6gqKLUiUdvcGpxF9DXl6Il3fSQH5TsDnlV62hWYI4uMXSly4%2F6GHbE95JwE%2BXBD98lMkcag0AwCI0wbid4GTtIgpoLtNFbEQZvQ%2FBZkKUsqlR6I8D%2FEb3L5rcVU53B9XO5%2BOVTQd6EZEakGx2O2TARQMjUgSOSkMUxqY3T%2BoHPD%2BL17BcVPKhlyPd1WPECGOIsl4wnU6Pp5MJ%2By8MYDMRbNuHXkN3yfZSc058ynvHstvR%2BbJTrHvdoV2g%2BkVc9lUFCp%2BXDyNZXw1NaQKEj63VkUc71UuVyndk7D7SdFN0OQdcwnNtJXiVkD%2F8k%3D&X-Amz-Signature=98103faca490735023bca3c6848c604d814631efdd5f8b31a649a10eed1c8c78&X-Amz-SignedHeaders=host&response-content-disposition=inline,,,,,,,,,vehicle-counter-unprocessed-video/3 july/002/f00003.mp4,vehicle-counter-unprocessed-video/3 july/002/f00070.mp4
003,6/24/2026 11:11,https://rasta-vehicle-counter.s3.us-east-1.amazonaws.com/vehicle-counter-unprocessed-video/3%20july/003/f00002.mp4?X-Amz-Algorithm=AWS4-HMAC-SHA256&X-Amz-Content-Sha256=UNSIGNED-PAYLOAD&X-Amz-Credential=ASIA47CRV2VXL7UENYCQ%2F20260728%2Fus-east-1%2Fs3%2Faws4_request&X-Amz-Date=20260728T104022Z&X-Amz-Expires=300&X-Amz-Security-Token=IQoJb3JpZ2luX2VjEJv%2F%2F%2F%2F%2F%2F%2F%2F%2F%2FwEaCXVzLWVhc3QtMSJIMEYCIQCb4qBh8cRQqdmVd2GvfVzWBvvTZoQFrO15scg6POMIpQIhAOIJxqc2BQK5qXR5gIgq8ktTgVoGCxTbzKShEUNisOpqKtsCCGQQABoMODkxMzc3MDE0MTI2IgzpytvKd%2BjNgeHppCAquAIyrPZS9kXAlbmmIaa0O7VrKG403RFIlCW7nIeR51nVEXG8mq5zf345e2Xk%2FMcRmR6%2BygdXrV3d%2BpkjB7BsZW94ijXoQekqKUru6nkU493SXphx6GLP1xuJCfkA5wf%2BAATJ9ha%2Ba5Vq8il7f7BXrSXef0clqgIbfT7aHyTRy%2BAFDsfr2O4rpMzltjyf0YxHBaomK9rSL2tZm4Dh6fvAPboBsFczYuuFMzOIINLJ483hZSx3FY6hRUQf33sYoCMJcVFUQu%2FZUI6zdKnGds7%2BrRaIVfUj7tmqlDxhl%2FPlGJouBlKST4tPN1MhsD2YP%2FMpP8TttPzbzD0PkB7eMMCDm9nzroZ4tH%2FaOdzkgXhF2012MTXLCfpE9WPdn9D9hAY0hcr7TEmFIC9nm6csdoPAzcEFeoOLpEOCttQwk4ih0wY6rALnWfapyw9HBiPA8WAlu8gyH0DkXF1fuuOo%2BTkOulhEFTxauq5iv6J4tc4pVu2EiGrhXUjiVKqp4bZZwgk3hmT2B6gqKLUiUdvcGpxF9DXl6Il3fSQH5TsDnlV62hWYI4uMXSly4%2F6GHbE95JwE%2BXBD98lMkcag0AwCI0wbid4GTtIgpoLtNFbEQZvQ%2FBZkKUsqlR6I8D%2FEb3L5rcVU53B9XO5%2BOVTQd6EZEakGx2O2TARQMjUgSOSkMUxqY3T%2BoHPD%2BL17BcVPKhlyPd1WPECGOIsl4wnU6Pp5MJ%2By8MYDMRbNuHXkN3yfZSc058ynvHstvR%2BbJTrHvdoV2g%2BkVc9lUFCp%2BXDyNZXw1NaQKEj63VkUc71UuVyndk7D7SdFN0OQdcwnNtJXiVkD%2F8k%3D&X-Amz-Signature=60ca9346a6d898e06408e63b03783c9b00a262055bab0ec6d610f68f874785c3&X-Amz-SignedHeaders=host&response-content-disposition=inline,https://rasta-vehicle-counter.s3.us-east-1.amazonaws.com/vehicle-counter-unprocessed-video/3%20july/003/f00081.mp4?X-Amz-Algorithm=AWS4-HMAC-SHA256&X-Amz-Content-Sha256=UNSIGNED-PAYLOAD&X-Amz-Credential=ASIA47CRV2VXL7UENYCQ%2F20260728%2Fus-east-1%2Fs3%2Faws4_request&X-Amz-Date=20260728T104209Z&X-Amz-Expires=300&X-Amz-Security-Token=IQoJb3JpZ2luX2VjEJv%2F%2F%2F%2F%2F%2F%2F%2F%2F%2FwEaCXVzLWVhc3QtMSJIMEYCIQCb4qBh8cRQqdmVd2GvfVzWBvvTZoQFrO15scg6POMIpQIhAOIJxqc2BQK5qXR5gIgq8ktTgVoGCxTbzKShEUNisOpqKtsCCGQQABoMODkxMzc3MDE0MTI2IgzpytvKd%2BjNgeHppCAquAIyrPZS9kXAlbmmIaa0O7VrKG403RFIlCW7nIeR51nVEXG8mq5zf345e2Xk%2FMcRmR6%2BygdXrV3d%2BpkjB7BsZW94ijXoQekqKUru6nkU493SXphx6GLP1xuJCfkA5wf%2BAATJ9ha%2Ba5Vq8il7f7BXrSXef0clqgIbfT7aHyTRy%2BAFDsfr2O4rpMzltjyf0YxHBaomK9rSL2tZm4Dh6fvAPboBsFczYuuFMzOIINLJ483hZSx3FY6hRUQf33sYoCMJcVFUQu%2FZUI6zdKnGds7%2BrRaIVfUj7tmqlDxhl%2FPlGJouBlKST4tPN1MhsD2YP%2FMpP8TttPzbzD0PkB7eMMCDm9nzroZ4tH%2FaOdzkgXhF2012MTXLCfpE9WPdn9D9hAY0hcr7TEmFIC9nm6csdoPAzcEFeoOLpEOCttQwk4ih0wY6rALnWfapyw9HBiPA8WAlu8gyH0DkXF1fuuOo%2BTkOulhEFTxauq5iv6J4tc4pVu2EiGrhXUjiVKqp4bZZwgk3hmT2B6gqKLUiUdvcGpxF9DXl6Il3fSQH5TsDnlV62hWYI4uMXSly4%2F6GHbE95JwE%2BXBD98lMkcag0AwCI0wbid4GTtIgpoLtNFbEQZvQ%2FBZkKUsqlR6I8D%2FEb3L5rcVU53B9XO5%2BOVTQd6EZEakGx2O2TARQMjUgSOSkMUxqY3T%2BoHPD%2BL17BcVPKhlyPd1WPECGOIsl4wnU6Pp5MJ%2By8MYDMRbNuHXkN3yfZSc058ynvHstvR%2BbJTrHvdoV2g%2BkVc9lUFCp%2BXDyNZXw1NaQKEj63VkUc71UuVyndk7D7SdFN0OQdcwnNtJXiVkD%2F8k%3D&X-Amz-Signature=a3f17569d18343fcfee75c84a416d5e46be6aba64f8fdb6320b8076efcca1c1d&X-Amz-SignedHeaders=host&response-content-disposition=inline,,,,,,,,,vehicle-counter-unprocessed-video/3 july/003/f00002.mp4,vehicle-counter-unprocessed-video/3 july/003/f00070.mp4
012,2025 old found,https://rasta-vehicle-counter.s3.us-east-1.amazonaws.com/vehicle-counter-unprocessed-video/3%20july/012/f00002.mp4?X-Amz-Algorithm=AWS4-HMAC-SHA256&X-Amz-Content-Sha256=UNSIGNED-PAYLOAD&X-Amz-Credential=ASIA47CRV2VXL7UENYCQ%2F20260728%2Fus-east-1%2Fs3%2Faws4_request&X-Amz-Date=20260728T104319Z&X-Amz-Expires=300&X-Amz-Security-Token=IQoJb3JpZ2luX2VjEJv%2F%2F%2F%2F%2F%2F%2F%2F%2F%2FwEaCXVzLWVhc3QtMSJIMEYCIQCb4qBh8cRQqdmVd2GvfVzWBvvTZoQFrO15scg6POMIpQIhAOIJxqc2BQK5qXR5gIgq8ktTgVoGCxTbzKShEUNisOpqKtsCCGQQABoMODkxMzc3MDE0MTI2IgzpytvKd%2BjNgeHppCAquAIyrPZS9kXAlbmmIaa0O7VrKG403RFIlCW7nIeR51nVEXG8mq5zf345e2Xk%2FMcRmR6%2BygdXrV3d%2BpkjB7BsZW94ijXoQekqKUru6nkU493SXphx6GLP1xuJCfkA5wf%2BAATJ9ha%2Ba5Vq8il7f7BXrSXef0clqgIbfT7aHyTRy%2BAFDsfr2O4rpMzltjyf0YxHBaomK9rSL2tZm4Dh6fvAPboBsFczYuuFMzOIINLJ483hZSx3FY6hRUQf33sYoCMJcVFUQu%2FZUI6zdKnGds7%2BrRaIVfUj7tmqlDxhl%2FPlGJouBlKST4tPN1MhsD2YP%2FMpP8TttPzbzD0PkB7eMMCDm9nzroZ4tH%2FaOdzkgXhF2012MTXLCfpE9WPdn9D9hAY0hcr7TEmFIC9nm6csdoPAzcEFeoOLpEOCttQwk4ih0wY6rALnWfapyw9HBiPA8WAlu8gyH0DkXF1fuuOo%2BTkOulhEFTxauq5iv6J4tc4pVu2EiGrhXUjiVKqp4bZZwgk3hmT2B6gqKLUiUdvcGpxF9DXl6Il3fSQH5TsDnlV62hWYI4uMXSly4%2F6GHbE95JwE%2BXBD98lMkcag0AwCI0wbid4GTtIgpoLtNFbEQZvQ%2FBZkKUsqlR6I8D%2FEb3L5rcVU53B9XO5%2BOVTQd6EZEakGx2O2TARQMjUgSOSkMUxqY3T%2BoHPD%2BL17BcVPKhlyPd1WPECGOIsl4wnU6Pp5MJ%2By8MYDMRbNuHXkN3yfZSc058ynvHstvR%2BbJTrHvdoV2g%2BkVc9lUFCp%2BXDyNZXw1NaQKEj63VkUc71UuVyndk7D7SdFN0OQdcwnNtJXiVkD%2F8k%3D&X-Amz-Signature=b10f872b1f658432b6e12de5dc507a7f15f799721192228f4b5c0a2db72df362&X-Amz-SignedHeaders=host&response-content-disposition=inline,https://rasta-vehicle-counter.s3.us-east-1.amazonaws.com/vehicle-counter-unprocessed-video/3%20july/012/f00130.mp4?X-Amz-Algorithm=AWS4-HMAC-SHA256&X-Amz-Content-Sha256=UNSIGNED-PAYLOAD&X-Amz-Credential=ASIA47CRV2VXL7UENYCQ%2F20260728%2Fus-east-1%2Fs3%2Faws4_request&X-Amz-Date=20260728T104418Z&X-Amz-Expires=300&X-Amz-Security-Token=IQoJb3JpZ2luX2VjEJv%2F%2F%2F%2F%2F%2F%2F%2F%2F%2FwEaCXVzLWVhc3QtMSJIMEYCIQCb4qBh8cRQqdmVd2GvfVzWBvvTZoQFrO15scg6POMIpQIhAOIJxqc2BQK5qXR5gIgq8ktTgVoGCxTbzKShEUNisOpqKtsCCGQQABoMODkxMzc3MDE0MTI2IgzpytvKd%2BjNgeHppCAquAIyrPZS9kXAlbmmIaa0O7VrKG403RFIlCW7nIeR51nVEXG8mq5zf345e2Xk%2FMcRmR6%2BygdXrV3d%2BpkjB7BsZW94ijXoQekqKUru6nkU493SXphx6GLP1xuJCfkA5wf%2BAATJ9ha%2Ba5Vq8il7f7BXrSXef0clqgIbfT7aHyTRy%2BAFDsfr2O4rpMzltjyf0YxHBaomK9rSL2tZm4Dh6fvAPboBsFczYuuFMzOIINLJ483hZSx3FY6hRUQf33sYoCMJcVFUQu%2FZUI6zdKnGds7%2BrRaIVfUj7tmqlDxhl%2FPlGJouBlKST4tPN1MhsD2YP%2FMpP8TttPzbzD0PkB7eMMCDm9nzroZ4tH%2FaOdzkgXhF2012MTXLCfpE9WPdn9D9hAY0hcr7TEmFIC9nm6csdoPAzcEFeoOLpEOCttQwk4ih0wY6rALnWfapyw9HBiPA8WAlu8gyH0DkXF1fuuOo%2BTkOulhEFTxauq5iv6J4tc4pVu2EiGrhXUjiVKqp4bZZwgk3hmT2B6gqKLUiUdvcGpxF9DXl6Il3fSQH5TsDnlV62hWYI4uMXSly4%2F6GHbE95JwE%2BXBD98lMkcag0AwCI0wbid4GTtIgpoLtNFbEQZvQ%2FBZkKUsqlR6I8D%2FEb3L5rcVU53B9XO5%2BOVTQd6EZEakGx2O2TARQMjUgSOSkMUxqY3T%2BoHPD%2BL17BcVPKhlyPd1WPECGOIsl4wnU6Pp5MJ%2By8MYDMRbNuHXkN3yfZSc058ynvHstvR%2BbJTrHvdoV2g%2BkVc9lUFCp%2BXDyNZXw1NaQKEj63VkUc71UuVyndk7D7SdFN0OQdcwnNtJXiVkD%2F8k%3D&X-Amz-Signature=c2f06cbf1180d9fbf2c42b23cb212bbdec280848a561cf0ebab5da630c7b5a04&X-Amz-SignedHeaders=host&response-content-disposition=inline,,,,,,,,,vehicle-counter-unprocessed-video/3 july/012/f00002.mp4,vehicle-counter-unprocessed-video/3 july/012/f00010.mp4
013,6/26/2026 11:11,http://rasta-vehicle-counter.s3.us-east-1.amazonaws.com/vehicle-counter-unprocessed-video/3%20july/013/f00002.mp4?X-Amz-Algorithm=AWS4-HMAC-SHA256&X-Amz-Content-Sha256=UNSIGNED-PAYLOAD&X-Amz-Credential=ASIA47CRV2VXL7UENYCQ%2F20260728%2Fus-east-1%2Fs3%2Faws4_request&X-Amz-Date=20260728T104727Z&X-Amz-Expires=300&X-Amz-Security-Token=IQoJb3JpZ2luX2VjEJv%2F%2F%2F%2F%2F%2F%2F%2F%2F%2FwEaCXVzLWVhc3QtMSJIMEYCIQCb4qBh8cRQqdmVd2GvfVzWBvvTZoQFrO15scg6POMIpQIhAOIJxqc2BQK5qXR5gIgq8ktTgVoGCxTbzKShEUNisOpqKtsCCGQQABoMODkxMzc3MDE0MTI2IgzpytvKd%2BjNgeHppCAquAIyrPZS9kXAlbmmIaa0O7VrKG403RFIlCW7nIeR51nVEXG8mq5zf345e2Xk%2FMcRmR6%2BygdXrV3d%2BpkjB7BsZW94ijXoQekqKUru6nkU493SXphx6GLP1xuJCfkA5wf%2BAATJ9ha%2Ba5Vq8il7f7BXrSXef0clqgIbfT7aHyTRy%2BAFDsfr2O4rpMzltjyf0YxHBaomK9rSL2tZm4Dh6fvAPboBsFczYuuFMzOIINLJ483hZSx3FY6hRUQf33sYoCMJcVFUQu%2FZUI6zdKnGds7%2BrRaIVfUj7tmqlDxhl%2FPlGJouBlKST4tPN1MhsD2YP%2FMpP8TttPzbzD0PkB7eMMCDm9nzroZ4tH%2FaOdzkgXhF2012MTXLCfpE9WPdn9D9hAY0hcr7TEmFIC9nm6csdoPAzcEFeoOLpEOCttQwk4ih0wY6rALnWfapyw9HBiPA8WAlu8gyH0DkXF1fuuOo%2BTkOulhEFTxauq5iv6J4tc4pVu2EiGrhXUjiVKqp4bZZwgk3hmT2B6gqKLUiUdvcGpxF9DXl6Il3fSQH5TsDnlV62hWYI4uMXSly4%2F6GHbE95JwE%2BXBD98lMkcag0AwCI0wbid4GTtIgpoLtNFbEQZvQ%2FBZkKUsqlR6I8D%2FEb3L5rcVU53B9XO5%2BOVTQd6EZEakGx2O2TARQMjUgSOSkMUxqY3T%2BoHPD%2BL17BcVPKhlyPd1WPECGOIsl4wnU6Pp5MJ%2By8MYDMRbNuHXkN3yfZSc058ynvHstvR%2BbJTrHvdoV2g%2BkVc9lUFCp%2BXDyNZXw1NaQKEj63VkUc71UuVyndk7D7SdFN0OQdcwnNtJXiVkD%2F8k%3D&X-Amz-Signature=7b66ed22d345367a2711608acfea2e4a89e15b61b82dd2159d7ce3649489f55f&X-Amz-SignedHeaders=host&response-content-disposition=inline,http://rasta-vehicle-counter.s3.us-east-1.amazonaws.com/vehicle-counter-unprocessed-video/3%20july/013/f00041.mp4?X-Amz-Algorithm=AWS4-HMAC-SHA256&X-Amz-Content-Sha256=UNSIGNED-PAYLOAD&X-Amz-Credential=ASIA47CRV2VXIQI6C2LL%2F20260728%2Fus-east-1%2Fs3%2Faws4_request&X-Amz-Date=20260728T104908Z&X-Amz-Expires=300&X-Amz-Security-Token=IQoJb3JpZ2luX2VjEJv%2F%2F%2F%2F%2F%2F%2F%2F%2F%2FwEaCXVzLWVhc3QtMSJHMEUCIQCWuLQ3KnE55XSNO4t0VL0XGzYNEC4D9SNMxw%2BHUWQbmwIgbgnofB7bIdbbGgxzbX%2BJbLuWKP99ti0QkSVToFntx6Mq2wIIZBAAGgw4OTEzNzcwMTQxMjYiDAxwFZxNlJxu49QWZCq4AvpKZjSnVQA391%2BL2jG4OGeedx7MMuyAkeewoOqj1VlxUBELTdap%2Fm%2FhqYvS55vKi%2Bxd3fBZvJ%2BomjUNasLjxSdyzYfn6ip3Q%2FSgq%2FNqc0%2FiqkzWp7C4yQzYyNd4vE%2FsKdf3bM%2FbKP4Q3d45Qh7WKQ2jgXOthdkyYbWZwgWVnaJ%2BY4FLLT7M%2Fxx%2Bh9HM8THX46lcSHtuwHiyMuoWjYsYOSi2Sqdr5VaLj2mU4V7gwK8PaBlNx7ZoFcNRVqVPWc1xyqwbEueA6Z3Og%2Fbfy0RSwiqL2VmN5A9%2BzDoiLTPd1mvHFWLqJFFHHNNSFX4uwCDA603U5%2BRhtUO6YthItukY2awXvlfbz4ezQjWmzMiLT0QM6Dzf3LFhhfWzcS6nOFtcp%2FuO5TR9Rw5xOLcTKBer14O2QwKHlAhH1TCTiKHTBjqtAslrmn0dB2chmx%2FlIWdH%2Bb2wKxMbQcUQRGYwfEJEIinn60lVuGicRW41m3ppiSBDR7MlF3wxmPl5awI94gycsESxeKJjry%2BUGEvwuggSjzGoX1bJhmNaA6aPzcqZJE8hoQi9emwKqN1IVSKRZtELGbbDKrKW4dPN0YolIxIuJzfKpFe4nNyiR5wuNNiKrQZ4jaFnbrWyu1prpIsqebrjHo6Ymvf9jZgLfec%2FBgKMJBWAVyE7yxMpxBAS%2FqrAkGI2I%2BoQUBc2B6kuAQmO3g16YcLNL%2BwgaftXBoBJQl6b5zPrjjtQg6EiBysXbmbqd7ds99jygxj3wVyarFKHZSFbfXwBidAkgET24%2Fb2hobqDsneLlXbTmN%2Fd2zcaR%2BnsvQ8KUwEUBj40NNEECBAGLA%3D&X-Amz-Signature=e44b097e7f0114ea7c211a97888875cafda72aa584ac0235f7daafd96a8ea741&X-Amz-SignedHeaders=host&response-content-disposition=inline,,,,,,,,,vehicle-counter-unprocessed-video/3 july/013/f00002.mp4,vehicle-counter-unprocessed-video/3 july/013/f00010.mp4
015,6/23/2026 11:11,https://rasta-vehicle-counter.s3.us-east-1.amazonaws.com/vehicle-counter-unprocessed-video/3%20july/015/f00004.mp4?X-Amz-Algorithm=AWS4-HMAC-SHA256&X-Amz-Content-Sha256=UNSIGNED-PAYLOAD&X-Amz-Credential=ASIA47CRV2VXIQI6C2LL%2F20260728%2Fus-east-1%2Fs3%2Faws4_request&X-Amz-Date=20260728T105054Z&X-Amz-Expires=300&X-Amz-Security-Token=IQoJb3JpZ2luX2VjEJv%2F%2F%2F%2F%2F%2F%2F%2F%2F%2FwEaCXVzLWVhc3QtMSJHMEUCIQCWuLQ3KnE55XSNO4t0VL0XGzYNEC4D9SNMxw%2BHUWQbmwIgbgnofB7bIdbbGgxzbX%2BJbLuWKP99ti0QkSVToFntx6Mq2wIIZBAAGgw4OTEzNzcwMTQxMjYiDAxwFZxNlJxu49QWZCq4AvpKZjSnVQA391%2BL2jG4OGeedx7MMuyAkeewoOqj1VlxUBELTdap%2Fm%2FhqYvS55vKi%2Bxd3fBZvJ%2BomjUNasLjxSdyzYfn6ip3Q%2FSgq%2FNqc0%2FiqkzWp7C4yQzYyNd4vE%2FsKdf3bM%2FbKP4Q3d45Qh7WKQ2jgXOthdkyYbWZwgWVnaJ%2BY4FLLT7M%2Fxx%2Bh9HM8THX46lcSHtuwHiyMuoWjYsYOSi2Sqdr5VaLj2mU4V7gwK8PaBlNx7ZoFcNRVqVPWc1xyqwbEueA6Z3Og%2Fbfy0RSwiqL2VmN5A9%2BzDoiLTPd1mvHFWLqJFFHHNNSFX4uwCDA603U5%2BRhtUO6YthItukY2awXvlfbz4ezQjWmzMiLT0QM6Dzf3LFhhfWzcS6nOFtcp%2FuO5TR9Rw5xOLcTKBer14O2QwKHlAhH1TCTiKHTBjqtAslrmn0dB2chmx%2FlIWdH%2Bb2wKxMbQcUQRGYwfEJEIinn60lVuGicRW41m3ppiSBDR7MlF3wxmPl5awI94gycsESxeKJjry%2BUGEvwuggSjzGoX1bJhmNaA6aPzcqZJE8hoQi9emwKqN1IVSKRZtELGbbDKrKW4dPN0YolIxIuJzfKpFe4nNyiR5wuNNiKrQZ4jaFnbrWyu1prpIsqebrjHo6Ymvf9jZgLfec%2FBgKMJBWAVyE7yxMpxBAS%2FqrAkGI2I%2BoQUBc2B6kuAQmO3g16YcLNL%2BwgaftXBoBJQl6b5zPrjjtQg6EiBysXbmbqd7ds99jygxj3wVyarFKHZSFbfXwBidAkgET24%2Fb2hobqDsneLlXbTmN%2Fd2zcaR%2BnsvQ8KUwEUBj40NNEECBAGLA%3D&X-Amz-Signature=e027b42902df40fe6565f56f978f0228e8e36a21adc21fca7329506d188e81e7&X-Amz-SignedHeaders=host&response-content-disposition=inline,https://rasta-vehicle-counter.s3.us-east-1.amazonaws.com/vehicle-counter-unprocessed-video/3%20july/015/f00150.mp4?X-Amz-Algorithm=AWS4-HMAC-SHA256&X-Amz-Content-Sha256=UNSIGNED-PAYLOAD&X-Amz-Credential=ASIA47CRV2VXIQI6C2LL%2F20260728%2Fus-east-1%2Fs3%2Faws4_request&X-Amz-Date=20260728T105449Z&X-Amz-Expires=300&X-Amz-Security-Token=IQoJb3JpZ2luX2VjEJv%2F%2F%2F%2F%2F%2F%2F%2F%2F%2FwEaCXVzLWVhc3QtMSJHMEUCIQCWuLQ3KnE55XSNO4t0VL0XGzYNEC4D9SNMxw%2BHUWQbmwIgbgnofB7bIdbbGgxzbX%2BJbLuWKP99ti0QkSVToFntx6Mq2wIIZBAAGgw4OTEzNzcwMTQxMjYiDAxwFZxNlJxu49QWZCq4AvpKZjSnVQA391%2BL2jG4OGeedx7MMuyAkeewoOqj1VlxUBELTdap%2Fm%2FhqYvS55vKi%2Bxd3fBZvJ%2BomjUNasLjxSdyzYfn6ip3Q%2FSgq%2FNqc0%2FiqkzWp7C4yQzYyNd4vE%2FsKdf3bM%2FbKP4Q3d45Qh7WKQ2jgXOthdkyYbWZwgWVnaJ%2BY4FLLT7M%2Fxx%2Bh9HM8THX46lcSHtuwHiyMuoWjYsYOSi2Sqdr5VaLj2mU4V7gwK8PaBlNx7ZoFcNRVqVPWc1xyqwbEueA6Z3Og%2Fbfy0RSwiqL2VmN5A9%2BzDoiLTPd1mvHFWLqJFFHHNNSFX4uwCDA603U5%2BRhtUO6YthItukY2awXvlfbz4ezQjWmzMiLT0QM6Dzf3LFhhfWzcS6nOFtcp%2FuO5TR9Rw5xOLcTKBer14O2QwKHlAhH1TCTiKHTBjqtAslrmn0dB2chmx%2FlIWdH%2Bb2wKxMbQcUQRGYwfEJEIinn60lVuGicRW41m3ppiSBDR7MlF3wxmPl5awI94gycsESxeKJjry%2BUGEvwuggSjzGoX1bJhmNaA6aPzcqZJE8hoQi9emwKqN1IVSKRZtELGbbDKrKW4dPN0YolIxIuJzfKpFe4nNyiR5wuNNiKrQZ4jaFnbrWyu1prpIsqebrjHo6Ymvf9jZgLfec%2FBgKMJBWAVyE7yxMpxBAS%2FqrAkGI2I%2BoQUBc2B6kuAQmO3g16YcLNL%2BwgaftXBoBJQl6b5zPrjjtQg6EiBysXbmbqd7ds99jygxj3wVyarFKHZSFbfXwBidAkgET24%2Fb2hobqDsneLlXbTmN%2Fd2zcaR%2BnsvQ8KUwEUBj40NNEECBAGLA%3D&X-Amz-Signature=2f693e2f04ff615dcc3c0cada4b0cd9bd0f526be1dd936fd78e8c3c7492a8478&X-Amz-SignedHeaders=host&response-content-disposition=inline,,,,,,,,,vehicle-counter-unprocessed-video/3 july/015/f00004.mp4,vehicle-counter-unprocessed-video/3 july/015/f00261.mp4
019,6/20/2026 11:11,https://rasta-vehicle-counter.s3.us-east-1.amazonaws.com/vehicle-counter-unprocessed-video/3%20july/019/f00095.mp4?X-Amz-Algorithm=AWS4-HMAC-SHA256&X-Amz-Content-Sha256=UNSIGNED-PAYLOAD&X-Amz-Credential=ASIA47CRV2VXJBC4IREY%2F20260728%2Fus-east-1%2Fs3%2Faws4_request&X-Amz-Date=20260728T105948Z&X-Amz-Expires=300&X-Amz-Security-Token=IQoJb3JpZ2luX2VjEJv%2F%2F%2F%2F%2F%2F%2F%2F%2F%2FwEaCXVzLWVhc3QtMSJGMEQCICX1TUuEBrNJEJ15TCxIGUrY%2FuNVVTpzgixAIT73%2BLgLAiBtxsP%2BpXcKDBQ9FvNichNBkZqSpjPbgwBHsl4yWnrWmSrbAghkEAAaDDg5MTM3NzAxNDEyNiIMrjUJ8FftaiyJgFQfKrgCi%2FfPCJ0IzcEgobSUPyZ%2BCY%2FKU3RYGPkrPjYg7xy3wmP9dFn5XKiIXRo1h85tPewObQpZpEh%2F2Fd0pwHERgFHc%2BpSH0RC87rVL7u%2F2zfV1to5UZz9ecigzx6D48AzHaXYYR3LXteaxZztwLHCPm2Q6HX2tZdc41Z69bk3dMs%2FHpXTMf9yzucE2uwNxCCpDS2xm8v6VyVsNgxbIRoxR0ZWLl46S%2FsnOQI9kiIpUDqx5teaRTN4lzCRcB0bz2VyJ4rXqoNFPFu%2BRe0Fs%2F0MEPTtBE%2BSIV73afN080JGDADJpm8CkOTwQyiNX9S5fqYjszimuSPkXcNspsh9Wkfv63i%2FfTf%2Fi2lNYShv23XqLa01POMQqr52LZC%2BXR4zOxHGI8BfwivoB%2BazXjTgJZbEa79aKO0FDWfLNBagMJOIodMGOq4CqYE1wfHTYoe8Ho9g30Fatwg%2FB9eWoZPrfEKcSDMl1NMdNDZLSJMmsswCiYXEwoVRuH%2B1%2BrK%2F4%2BPJTn3hKrV0m8YtETQSoPgSTykiVHSaME6FHNAyvaqrnoCqdLkrbZK040PV9HnftU1R1ZuVhpBr4jeBbonjPSBCvi%2B%2BXLGeKQ9nsxySlxYrFT1joKtE1xlHYYErrWoxJ%2FGPDGTHIjh5FfdyMGwEpSReMR7qkRJnio47O2hcbN1y%2FTHLJx%2F2knbgVQ9hehz7RSft5PxyOKe6Z5BkfWtk1tJdy6xvuz5P59XQzqhxvjOGUnJPQCWhPBN0B%2FSt6FNqj6Rr4X7eLyXo07C4i15P7RbIvH62BP1uXAq53WuOsjYjWGyxesLqgSGkFGdgZ9wdKOXNcI%2FBl3I%3D&X-Amz-Signature=a127ea4b432d74778c35b28f6aab45c782c6cb72e77f21fa4a60d453d210a76b&X-Amz-SignedHeaders=host&response-content-disposition=inline,https://rasta-vehicle-counter.s3.us-east-1.amazonaws.com/vehicle-counter-unprocessed-video/3%20july/019/f00002.mp4?X-Amz-Algorithm=AWS4-HMAC-SHA256&X-Amz-Content-Sha256=UNSIGNED-PAYLOAD&X-Amz-Credential=ASIA47CRV2VXIQI6C2LL%2F20260728%2Fus-east-1%2Fs3%2Faws4_request&X-Amz-Date=20260728T105702Z&X-Amz-Expires=300&X-Amz-Security-Token=IQoJb3JpZ2luX2VjEJv%2F%2F%2F%2F%2F%2F%2F%2F%2F%2FwEaCXVzLWVhc3QtMSJHMEUCIQCWuLQ3KnE55XSNO4t0VL0XGzYNEC4D9SNMxw%2BHUWQbmwIgbgnofB7bIdbbGgxzbX%2BJbLuWKP99ti0QkSVToFntx6Mq2wIIZBAAGgw4OTEzNzcwMTQxMjYiDAxwFZxNlJxu49QWZCq4AvpKZjSnVQA391%2BL2jG4OGeedx7MMuyAkeewoOqj1VlxUBELTdap%2Fm%2FhqYvS55vKi%2Bxd3fBZvJ%2BomjUNasLjxSdyzYfn6ip3Q%2FSgq%2FNqc0%2FiqkzWp7C4yQzYyNd4vE%2FsKdf3bM%2FbKP4Q3d45Qh7WKQ2jgXOthdkyYbWZwgWVnaJ%2BY4FLLT7M%2Fxx%2Bh9HM8THX46lcSHtuwHiyMuoWjYsYOSi2Sqdr5VaLj2mU4V7gwK8PaBlNx7ZoFcNRVqVPWc1xyqwbEueA6Z3Og%2Fbfy0RSwiqL2VmN5A9%2BzDoiLTPd1mvHFWLqJFFHHNNSFX4uwCDA603U5%2BRhtUO6YthItukY2awXvlfbz4ezQjWmzMiLT0QM6Dzf3LFhhfWzcS6nOFtcp%2FuO5TR9Rw5xOLcTKBer14O2QwKHlAhH1TCTiKHTBjqtAslrmn0dB2chmx%2FlIWdH%2Bb2wKxMbQcUQRGYwfEJEIinn60lVuGicRW41m3ppiSBDR7MlF3wxmPl5awI94gycsESxeKJjry%2BUGEvwuggSjzGoX1bJhmNaA6aPzcqZJE8hoQi9emwKqN1IVSKRZtELGbbDKrKW4dPN0YolIxIuJzfKpFe4nNyiR5wuNNiKrQZ4jaFnbrWyu1prpIsqebrjHo6Ymvf9jZgLfec%2FBgKMJBWAVyE7yxMpxBAS%2FqrAkGI2I%2BoQUBc2B6kuAQmO3g16YcLNL%2BwgaftXBoBJQl6b5zPrjjtQg6EiBysXbmbqd7ds99jygxj3wVyarFKHZSFbfXwBidAkgET24%2Fb2hobqDsneLlXbTmN%2Fd2zcaR%2BnsvQ8KUwEUBj40NNEECBAGLA%3D&X-Amz-Signature=8b3c66b6663bd67a4b8383661cd0780a6558e1232656c95f3a4e8f13875163fb&X-Amz-SignedHeaders=host&response-content-disposition=inline,,,,,,,,,vehicle-counter-unprocessed-video/3 july/019/f00002.mp4,vehicle-counter-unprocessed-video/3 july/019/f00125.mp4
020,6/20/2026 11:11,https://rasta-vehicle-counter.s3.us-east-1.amazonaws.com/vehicle-counter-unprocessed-video/3%20july/020/f00100.mp4?X-Amz-Algorithm=AWS4-HMAC-SHA256&X-Amz-Content-Sha256=UNSIGNED-PAYLOAD&X-Amz-Credential=ASIA47CRV2VXGG5TK3FO%2F20260728%2Fus-east-1%2Fs3%2Faws4_request&X-Amz-Date=20260728T110953Z&X-Amz-Expires=300&X-Amz-Security-Token=IQoJb3JpZ2luX2VjEJz%2F%2F%2F%2F%2F%2F%2F%2F%2F%2FwEaCXVzLWVhc3QtMSJHMEUCIQC7epmiwNLL%2BNINUBU%2FUEW5n3pJ5D%2B9T8EbJ7QAa8fznQIgEvwZSTlYfWADN05HCoEmHkMhh7lyfUSGVRsSZsouMUUq2wIIZBAAGgw4OTEzNzcwMTQxMjYiDK0xigxAGnnAJHK1tiq4AjH02ScI5tYXtH1XLBwqd7Zv71S%2BHgR1v63OqkR0%2FArXa4dKjUAIcU1sNLh4%2FbFEfTP910zPrI5sXA7q0pHoAbX3ZL2mh50Mcxy%2FhKqP2bn4u6L7RgIaAVXTGnik7eroMQwZJ%2F2sIydp%2Bv5q05R4TWDvh%2B719%2BY%2BMt%2Fbtx%2F1eA7EOIp9zuPacVequ8jYfuG4TewVE4EWHwZgbgJQd%2FhG3kyLHr94%2B4kKRlwnZH2Qf2u1p%2FWZIewUAFkCtu2XVkH%2BPNnlLyLOzYJar79k1NA3KSR2nlJiquV7KvJltFjsfIx8lfxskrh8zrQJcSWthSXKlVA%2Fjpoh%2Bp2ueQpW2H8Pzhi1r35WE5y0sNadorv8OV4tB%2FYbEJkhvtlg1dRgRyF9NzLWc1bYcNPw6HCuBgQQa7qBB9qLqMN%2FKzCTiKHTBjqtApb%2FZlfXqUAyWxRj1C4BTA5IW1fJjHLJTtQxgCacI1Av1lTy1zY6MR%2By2FrgAdkFUj2MIofRenQIDvq0ktq5CSh%2B2ommG9cQzomd9gefZ61j9%2F7tVPuz9S%2FGb8UmJxlQRX8fpF%2B9gXBEM11sgMkjD9g6iL0Z8HBGvMrRYcq5TL8vDJOUqOPN0mDMN0J9RzmGrTylxiyWYQ5KLlRY%2Be%2BoY25QE1B%2BvPEO1hTJlSeeYqkmf%2BkqvJPtmst0cvXAZAlYEUAH8p6FY1j6l5tnWGVMNe5HNMU8ORT51pKijUV3qfSUbpjhogF3ea%2FucbOdmdHOHaqiG%2FWlUgYsRFmRDByMrK4zoZ6%2FdDy3ueVcKvsKHTDggobjPhbfY%2F1904LCDzfKrMuWMFtCcVLOSjx3bUU%3D&X-Amz-Signature=d64501d69f35350da56f47c24b9f591c4261abf6c5b39bad17efc8f9fa57f20e&X-Amz-SignedHeaders=host&response-content-disposition=inline,https://rasta-vehicle-counter.s3.us-east-1.amazonaws.com/vehicle-counter-unprocessed-video/3%20july/020/f00061.mp4?X-Amz-Algorithm=AWS4-HMAC-SHA256&X-Amz-Content-Sha256=UNSIGNED-PAYLOAD&X-Amz-Credential=ASIA47CRV2VXGG5TK3FO%2F20260728%2Fus-east-1%2Fs3%2Faws4_request&X-Amz-Date=20260728T111234Z&X-Amz-Expires=300&X-Amz-Security-Token=IQoJb3JpZ2luX2VjEJz%2F%2F%2F%2F%2F%2F%2F%2F%2F%2FwEaCXVzLWVhc3QtMSJHMEUCIQC7epmiwNLL%2BNINUBU%2FUEW5n3pJ5D%2B9T8EbJ7QAa8fznQIgEvwZSTlYfWADN05HCoEmHkMhh7lyfUSGVRsSZsouMUUq2wIIZBAAGgw4OTEzNzcwMTQxMjYiDK0xigxAGnnAJHK1tiq4AjH02ScI5tYXtH1XLBwqd7Zv71S%2BHgR1v63OqkR0%2FArXa4dKjUAIcU1sNLh4%2FbFEfTP910zPrI5sXA7q0pHoAbX3ZL2mh50Mcxy%2FhKqP2bn4u6L7RgIaAVXTGnik7eroMQwZJ%2F2sIydp%2Bv5q05R4TWDvh%2B719%2BY%2BMt%2Fbtx%2F1eA7EOIp9zuPacVequ8jYfuG4TewVE4EWHwZgbgJQd%2FhG3kyLHr94%2B4kKRlwnZH2Qf2u1p%2FWZIewUAFkCtu2XVkH%2BPNnlLyLOzYJar79k1NA3KSR2nlJiquV7KvJltFjsfIx8lfxskrh8zrQJcSWthSXKlVA%2Fjpoh%2Bp2ueQpW2H8Pzhi1r35WE5y0sNadorv8OV4tB%2FYbEJkhvtlg1dRgRyF9NzLWc1bYcNPw6HCuBgQQa7qBB9qLqMN%2FKzCTiKHTBjqtApb%2FZlfXqUAyWxRj1C4BTA5IW1fJjHLJTtQxgCacI1Av1lTy1zY6MR%2By2FrgAdkFUj2MIofRenQIDvq0ktq5CSh%2B2ommG9cQzomd9gefZ61j9%2F7tVPuz9S%2FGb8UmJxlQRX8fpF%2B9gXBEM11sgMkjD9g6iL0Z8HBGvMrRYcq5TL8vDJOUqOPN0mDMN0J9RzmGrTylxiyWYQ5KLlRY%2Be%2BoY25QE1B%2BvPEO1hTJlSeeYqkmf%2BkqvJPtmst0cvXAZAlYEUAH8p6FY1j6l5tnWGVMNe5HNMU8ORT51pKijUV3qfSUbpjhogF3ea%2FucbOdmdHOHaqiG%2FWlUgYsRFmRDByMrK4zoZ6%2FdDy3ueVcKvsKHTDggobjPhbfY%2F1904LCDzfKrMuWMFtCcVLOSjx3bUU%3D&X-Amz-Signature=982fb0b70cc74b32a4713840f1058e98e619d729d8ab8da120dc500c34b8a0d0&X-Amz-SignedHeaders=host&response-content-disposition=inline,,,,,,,,,vehicle-counter-unprocessed-video/3 july/020/f00002.mp4,vehicle-counter-unprocessed-video/3 july/020/f00106.mp4
021,6/24/2026 11:11,https://rasta-vehicle-counter.s3.us-east-1.amazonaws.com/vehicle-counter-unprocessed-video/3%20july/021/f00097.mp4?X-Amz-Algorithm=AWS4-HMAC-SHA256&X-Amz-Content-Sha256=UNSIGNED-PAYLOAD&X-Amz-Credential=ASIA47CRV2VXGG5TK3FO%2F20260728%2Fus-east-1%2Fs3%2Faws4_request&X-Amz-Date=20260728T111514Z&X-Amz-Expires=300&X-Amz-Security-Token=IQoJb3JpZ2luX2VjEJz%2F%2F%2F%2F%2F%2F%2F%2F%2F%2FwEaCXVzLWVhc3QtMSJHMEUCIQC7epmiwNLL%2BNINUBU%2FUEW5n3pJ5D%2B9T8EbJ7QAa8fznQIgEvwZSTlYfWADN05HCoEmHkMhh7lyfUSGVRsSZsouMUUq2wIIZBAAGgw4OTEzNzcwMTQxMjYiDK0xigxAGnnAJHK1tiq4AjH02ScI5tYXtH1XLBwqd7Zv71S%2BHgR1v63OqkR0%2FArXa4dKjUAIcU1sNLh4%2FbFEfTP910zPrI5sXA7q0pHoAbX3ZL2mh50Mcxy%2FhKqP2bn4u6L7RgIaAVXTGnik7eroMQwZJ%2F2sIydp%2Bv5q05R4TWDvh%2B719%2BY%2BMt%2Fbtx%2F1eA7EOIp9zuPacVequ8jYfuG4TewVE4EWHwZgbgJQd%2FhG3kyLHr94%2B4kKRlwnZH2Qf2u1p%2FWZIewUAFkCtu2XVkH%2BPNnlLyLOzYJar79k1NA3KSR2nlJiquV7KvJltFjsfIx8lfxskrh8zrQJcSWthSXKlVA%2Fjpoh%2Bp2ueQpW2H8Pzhi1r35WE5y0sNadorv8OV4tB%2FYbEJkhvtlg1dRgRyF9NzLWc1bYcNPw6HCuBgQQa7qBB9qLqMN%2FKzCTiKHTBjqtApb%2FZlfXqUAyWxRj1C4BTA5IW1fJjHLJTtQxgCacI1Av1lTy1zY6MR%2By2FrgAdkFUj2MIofRenQIDvq0ktq5CSh%2B2ommG9cQzomd9gefZ61j9%2F7tVPuz9S%2FGb8UmJxlQRX8fpF%2B9gXBEM11sgMkjD9g6iL0Z8HBGvMrRYcq5TL8vDJOUqOPN0mDMN0J9RzmGrTylxiyWYQ5KLlRY%2Be%2BoY25QE1B%2BvPEO1hTJlSeeYqkmf%2BkqvJPtmst0cvXAZAlYEUAH8p6FY1j6l5tnWGVMNe5HNMU8ORT51pKijUV3qfSUbpjhogF3ea%2FucbOdmdHOHaqiG%2FWlUgYsRFmRDByMrK4zoZ6%2FdDy3ueVcKvsKHTDggobjPhbfY%2F1904LCDzfKrMuWMFtCcVLOSjx3bUU%3D&X-Amz-Signature=c4546a86f7ccfaabecc8db0488340a260c4146ebc640f0b1abadb42b1d0d197f&X-Amz-SignedHeaders=host&response-content-disposition=inline,https://rasta-vehicle-counter.s3.us-east-1.amazonaws.com/vehicle-counter-unprocessed-video/3%20july/021/f00004.mp4?X-Amz-Algorithm=AWS4-HMAC-SHA256&X-Amz-Content-Sha256=UNSIGNED-PAYLOAD&X-Amz-Credential=ASIA47CRV2VXGG5TK3FO%2F20260728%2Fus-east-1%2Fs3%2Faws4_request&X-Amz-Date=20260728T111318Z&X-Amz-Expires=300&X-Amz-Security-Token=IQoJb3JpZ2luX2VjEJz%2F%2F%2F%2F%2F%2F%2F%2F%2F%2FwEaCXVzLWVhc3QtMSJHMEUCIQC7epmiwNLL%2BNINUBU%2FUEW5n3pJ5D%2B9T8EbJ7QAa8fznQIgEvwZSTlYfWADN05HCoEmHkMhh7lyfUSGVRsSZsouMUUq2wIIZBAAGgw4OTEzNzcwMTQxMjYiDK0xigxAGnnAJHK1tiq4AjH02ScI5tYXtH1XLBwqd7Zv71S%2BHgR1v63OqkR0%2FArXa4dKjUAIcU1sNLh4%2FbFEfTP910zPrI5sXA7q0pHoAbX3ZL2mh50Mcxy%2FhKqP2bn4u6L7RgIaAVXTGnik7eroMQwZJ%2F2sIydp%2Bv5q05R4TWDvh%2B719%2BY%2BMt%2Fbtx%2F1eA7EOIp9zuPacVequ8jYfuG4TewVE4EWHwZgbgJQd%2FhG3kyLHr94%2B4kKRlwnZH2Qf2u1p%2FWZIewUAFkCtu2XVkH%2BPNnlLyLOzYJar79k1NA3KSR2nlJiquV7KvJltFjsfIx8lfxskrh8zrQJcSWthSXKlVA%2Fjpoh%2Bp2ueQpW2H8Pzhi1r35WE5y0sNadorv8OV4tB%2FYbEJkhvtlg1dRgRyF9NzLWc1bYcNPw6HCuBgQQa7qBB9qLqMN%2FKzCTiKHTBjqtApb%2FZlfXqUAyWxRj1C4BTA5IW1fJjHLJTtQxgCacI1Av1lTy1zY6MR%2By2FrgAdkFUj2MIofRenQIDvq0ktq5CSh%2B2ommG9cQzomd9gefZ61j9%2F7tVPuz9S%2FGb8UmJxlQRX8fpF%2B9gXBEM11sgMkjD9g6iL0Z8HBGvMrRYcq5TL8vDJOUqOPN0mDMN0J9RzmGrTylxiyWYQ5KLlRY%2Be%2BoY25QE1B%2BvPEO1hTJlSeeYqkmf%2BkqvJPtmst0cvXAZAlYEUAH8p6FY1j6l5tnWGVMNe5HNMU8ORT51pKijUV3qfSUbpjhogF3ea%2FucbOdmdHOHaqiG%2FWlUgYsRFmRDByMrK4zoZ6%2FdDy3ueVcKvsKHTDggobjPhbfY%2F1904LCDzfKrMuWMFtCcVLOSjx3bUU%3D&X-Amz-Signature=1c7911e86830fa2c1edbc8ac5a311f6cb5d3626384728f0d07a45d30cdc18160&X-Amz-SignedHeaders=host&response-content-disposition=inline,,,,,,,,,vehicle-counter-unprocessed-video/3 july/021/f00055.mp4,vehicle-counter-unprocessed-video/3 july/021/f00004.mp4
023,6/21/2026 11:11,https://rasta-vehicle-counter.s3.us-east-1.amazonaws.com/vehicle-counter-unprocessed-video/3%20july/023/f00002.mp4?X-Amz-Algorithm=AWS4-HMAC-SHA256&X-Amz-Content-Sha256=UNSIGNED-PAYLOAD&X-Amz-Credential=ASIA47CRV2VXGG5TK3FO%2F20260728%2Fus-east-1%2Fs3%2Faws4_request&X-Amz-Date=20260728T111855Z&X-Amz-Expires=300&X-Amz-Security-Token=IQoJb3JpZ2luX2VjEJz%2F%2F%2F%2F%2F%2F%2F%2F%2F%2FwEaCXVzLWVhc3QtMSJHMEUCIQC7epmiwNLL%2BNINUBU%2FUEW5n3pJ5D%2B9T8EbJ7QAa8fznQIgEvwZSTlYfWADN05HCoEmHkMhh7lyfUSGVRsSZsouMUUq2wIIZBAAGgw4OTEzNzcwMTQxMjYiDK0xigxAGnnAJHK1tiq4AjH02ScI5tYXtH1XLBwqd7Zv71S%2BHgR1v63OqkR0%2FArXa4dKjUAIcU1sNLh4%2FbFEfTP910zPrI5sXA7q0pHoAbX3ZL2mh50Mcxy%2FhKqP2bn4u6L7RgIaAVXTGnik7eroMQwZJ%2F2sIydp%2Bv5q05R4TWDvh%2B719%2BY%2BMt%2Fbtx%2F1eA7EOIp9zuPacVequ8jYfuG4TewVE4EWHwZgbgJQd%2FhG3kyLHr94%2B4kKRlwnZH2Qf2u1p%2FWZIewUAFkCtu2XVkH%2BPNnlLyLOzYJar79k1NA3KSR2nlJiquV7KvJltFjsfIx8lfxskrh8zrQJcSWthSXKlVA%2Fjpoh%2Bp2ueQpW2H8Pzhi1r35WE5y0sNadorv8OV4tB%2FYbEJkhvtlg1dRgRyF9NzLWc1bYcNPw6HCuBgQQa7qBB9qLqMN%2FKzCTiKHTBjqtApb%2FZlfXqUAyWxRj1C4BTA5IW1fJjHLJTtQxgCacI1Av1lTy1zY6MR%2By2FrgAdkFUj2MIofRenQIDvq0ktq5CSh%2B2ommG9cQzomd9gefZ61j9%2F7tVPuz9S%2FGb8UmJxlQRX8fpF%2B9gXBEM11sgMkjD9g6iL0Z8HBGvMrRYcq5TL8vDJOUqOPN0mDMN0J9RzmGrTylxiyWYQ5KLlRY%2Be%2BoY25QE1B%2BvPEO1hTJlSeeYqkmf%2BkqvJPtmst0cvXAZAlYEUAH8p6FY1j6l5tnWGVMNe5HNMU8ORT51pKijUV3qfSUbpjhogF3ea%2FucbOdmdHOHaqiG%2FWlUgYsRFmRDByMrK4zoZ6%2FdDy3ueVcKvsKHTDggobjPhbfY%2F1904LCDzfKrMuWMFtCcVLOSjx3bUU%3D&X-Amz-Signature=5b69cd1fd26e4b2ef0e96ad1a8ef4eb48d05acb8ae28d384c7684bb234e4a694&X-Amz-SignedHeaders=host&response-content-disposition=inline,https://rasta-vehicle-counter.s3.us-east-1.amazonaws.com/vehicle-counter-unprocessed-video/3%20july/023/f00013.mp4?X-Amz-Algorithm=AWS4-HMAC-SHA256&X-Amz-Content-Sha256=UNSIGNED-PAYLOAD&X-Amz-Credential=ASIA47CRV2VXPRELKHWF%2F20260728%2Fus-east-1%2Fs3%2Faws4_request&X-Amz-Date=20260728T112012Z&X-Amz-Expires=300&X-Amz-Security-Token=IQoJb3JpZ2luX2VjEJz%2F%2F%2F%2F%2F%2F%2F%2F%2F%2FwEaCXVzLWVhc3QtMSJGMEQCIADxx6%2FQL8ncZSgrEmtqy2MFHeNYByEdZa5VIg4XEXCiAiBPtXOzTkE23pfhAtPM0zVaJx2n3tTaF3QBL21yJ93HvyrbAghkEAAaDDg5MTM3NzAxNDEyNiIMFvz6byS%2FFX2Pm6OtKrgCUv2FRUlzqU8Prr%2FPFvPaksdWpBiF%2FjxqLQclZwiCHIG55FA5tSjwX6bhnMgm5HSPRK4mTmqGAFRkatMJ49xAdxmfzvQPqqBZt9AOuh3WepDUdT%2BEDOP1vjHJzs1Qfde29iNAWEKjHBTEN0VgpPD1xRvdLn5jJqaHRwjsrhO3yYEHxp6PjUISMh6rd7mFOrWxMu9pBETex4yJFzdSa6My4t4JS7GrAtfnLvQyXnfhjZIGuG6jcGh4A9ZZ%2FGTd%2BXyTdJ4wyQjivMnFDAe3Ci8%2BtTylR6lVtCmrYsZSDBUWE8RJsMvb%2BL9uHgCO5NQjdJaXPkSBspTJHSHdoa%2BEB3mtQghN%2BroP7t4uIWAu3L375VBDN2CFANx9I7lfQHL%2B5BIKiGaZPPF03tEBh1C4qGcfaUMkR75Q05ypMJOIodMGOq4C6bEAy7flAL1nrWCW0U6Ad1slM19KUQN1M6gRXRoXNdtQQpLRVi6pZvQRYrXC4Mt6BiQ%2FCPimNgh8DBl%2BSrcZL6Sdtx17TUmF0CS9X0YplNJyGiUFE06tCVUYJFzMUlwodDYRpaDUAF0DsksBdn5IWj41Cbxe3Eti1MVVSQ2hyILAe4i9U36mHiETwNgEBx%2BkRTwMYwn4Q%2FA7jYMKtNweOPQP%2FzZNmypMSr%2BSaxB%2Fic9TiWYM%2FNHltgYAjMjkvfx1FQsInqv4JYDUQDDmI33LhytSTvTYuih%2BOsi5kQ28WmzxEcz4W24erWKuyJzLE%2FvW92EoEaYaD%2FSEv0eD1w3FVkZYSPuuzRrwhPj9yjnUMWpeFS2rfThVdW7I7YwmfIrwZrkYkDChw9oQ3mfgNGA%3D&X-Amz-Signature=cd0d9574a5fb6ff6e361df1437a758be1b755d0271a8426319d772468fe13033&X-Amz-SignedHeaders=host&response-content-disposition=inline,,,,,,,,,vehicle-counter-unprocessed-video/3 july/023/f00002.mp4,vehicle-counter-unprocessed-video/3 july/023/f00013.mp4
024,6/20/2026 11:11,https://rasta-vehicle-counter.s3.us-east-1.amazonaws.com/vehicle-counter-unprocessed-video/3%20july/024/f00002.mp4?X-Amz-Algorithm=AWS4-HMAC-SHA256&X-Amz-Content-Sha256=UNSIGNED-PAYLOAD&X-Amz-Credential=ASIA47CRV2VXPRELKHWF%2F20260728%2Fus-east-1%2Fs3%2Faws4_request&X-Amz-Date=20260728T112118Z&X-Amz-Expires=300&X-Amz-Security-Token=IQoJb3JpZ2luX2VjEJz%2F%2F%2F%2F%2F%2F%2F%2F%2F%2FwEaCXVzLWVhc3QtMSJGMEQCIADxx6%2FQL8ncZSgrEmtqy2MFHeNYByEdZa5VIg4XEXCiAiBPtXOzTkE23pfhAtPM0zVaJx2n3tTaF3QBL21yJ93HvyrbAghkEAAaDDg5MTM3NzAxNDEyNiIMFvz6byS%2FFX2Pm6OtKrgCUv2FRUlzqU8Prr%2FPFvPaksdWpBiF%2FjxqLQclZwiCHIG55FA5tSjwX6bhnMgm5HSPRK4mTmqGAFRkatMJ49xAdxmfzvQPqqBZt9AOuh3WepDUdT%2BEDOP1vjHJzs1Qfde29iNAWEKjHBTEN0VgpPD1xRvdLn5jJqaHRwjsrhO3yYEHxp6PjUISMh6rd7mFOrWxMu9pBETex4yJFzdSa6My4t4JS7GrAtfnLvQyXnfhjZIGuG6jcGh4A9ZZ%2FGTd%2BXyTdJ4wyQjivMnFDAe3Ci8%2BtTylR6lVtCmrYsZSDBUWE8RJsMvb%2BL9uHgCO5NQjdJaXPkSBspTJHSHdoa%2BEB3mtQghN%2BroP7t4uIWAu3L375VBDN2CFANx9I7lfQHL%2B5BIKiGaZPPF03tEBh1C4qGcfaUMkR75Q05ypMJOIodMGOq4C6bEAy7flAL1nrWCW0U6Ad1slM19KUQN1M6gRXRoXNdtQQpLRVi6pZvQRYrXC4Mt6BiQ%2FCPimNgh8DBl%2BSrcZL6Sdtx17TUmF0CS9X0YplNJyGiUFE06tCVUYJFzMUlwodDYRpaDUAF0DsksBdn5IWj41Cbxe3Eti1MVVSQ2hyILAe4i9U36mHiETwNgEBx%2BkRTwMYwn4Q%2FA7jYMKtNweOPQP%2FzZNmypMSr%2BSaxB%2Fic9TiWYM%2FNHltgYAjMjkvfx1FQsInqv4JYDUQDDmI33LhytSTvTYuih%2BOsi5kQ28WmzxEcz4W24erWKuyJzLE%2FvW92EoEaYaD%2FSEv0eD1w3FVkZYSPuuzRrwhPj9yjnUMWpeFS2rfThVdW7I7YwmfIrwZrkYkDChw9oQ3mfgNGA%3D&X-Amz-Signature=128c0e16a3d53a6f8e10b3379456cd9aef48ed138844f13da2b1835b8b6abc2b&X-Amz-SignedHeaders=host&response-content-disposition=inline,https://rasta-vehicle-counter.s3.us-east-1.amazonaws.com/vehicle-counter-unprocessed-video/3%20july/024/f00203.mp4?X-Amz-Algorithm=AWS4-HMAC-SHA256&X-Amz-Content-Sha256=UNSIGNED-PAYLOAD&X-Amz-Credential=ASIA47CRV2VXPRELKHWF%2F20260728%2Fus-east-1%2Fs3%2Faws4_request&X-Amz-Date=20260728T112353Z&X-Amz-Expires=300&X-Amz-Security-Token=IQoJb3JpZ2luX2VjEJz%2F%2F%2F%2F%2F%2F%2F%2F%2F%2FwEaCXVzLWVhc3QtMSJGMEQCIADxx6%2FQL8ncZSgrEmtqy2MFHeNYByEdZa5VIg4XEXCiAiBPtXOzTkE23pfhAtPM0zVaJx2n3tTaF3QBL21yJ93HvyrbAghkEAAaDDg5MTM3NzAxNDEyNiIMFvz6byS%2FFX2Pm6OtKrgCUv2FRUlzqU8Prr%2FPFvPaksdWpBiF%2FjxqLQclZwiCHIG55FA5tSjwX6bhnMgm5HSPRK4mTmqGAFRkatMJ49xAdxmfzvQPqqBZt9AOuh3WepDUdT%2BEDOP1vjHJzs1Qfde29iNAWEKjHBTEN0VgpPD1xRvdLn5jJqaHRwjsrhO3yYEHxp6PjUISMh6rd7mFOrWxMu9pBETex4yJFzdSa6My4t4JS7GrAtfnLvQyXnfhjZIGuG6jcGh4A9ZZ%2FGTd%2BXyTdJ4wyQjivMnFDAe3Ci8%2BtTylR6lVtCmrYsZSDBUWE8RJsMvb%2BL9uHgCO5NQjdJaXPkSBspTJHSHdoa%2BEB3mtQghN%2BroP7t4uIWAu3L375VBDN2CFANx9I7lfQHL%2B5BIKiGaZPPF03tEBh1C4qGcfaUMkR75Q05ypMJOIodMGOq4C6bEAy7flAL1nrWCW0U6Ad1slM19KUQN1M6gRXRoXNdtQQpLRVi6pZvQRYrXC4Mt6BiQ%2FCPimNgh8DBl%2BSrcZL6Sdtx17TUmF0CS9X0YplNJyGiUFE06tCVUYJFzMUlwodDYRpaDUAF0DsksBdn5IWj41Cbxe3Eti1MVVSQ2hyILAe4i9U36mHiETwNgEBx%2BkRTwMYwn4Q%2FA7jYMKtNweOPQP%2FzZNmypMSr%2BSaxB%2Fic9TiWYM%2FNHltgYAjMjkvfx1FQsInqv4JYDUQDDmI33LhytSTvTYuih%2BOsi5kQ28WmzxEcz4W24erWKuyJzLE%2FvW92EoEaYaD%2FSEv0eD1w3FVkZYSPuuzRrwhPj9yjnUMWpeFS2rfThVdW7I7YwmfIrwZrkYkDChw9oQ3mfgNGA%3D&X-Amz-Signature=27b5701dd30796888d2cbe21463a22f58262b9208273f352a6f46be13cde085d&X-Amz-SignedHeaders=host&response-content-disposition=inline,,,,,,,,,vehicle-counter-unprocessed-video/3 july/024/f00002.mp4,vehicle-counter-unprocessed-video/3 july/024/f00200.mp4
027,6/21/2026 11:11,https://rasta-vehicle-counter.s3.us-east-1.amazonaws.com/vehicle-counter-unprocessed-video/3%20july/027/f00007.mp4?X-Amz-Algorithm=AWS4-HMAC-SHA256&X-Amz-Content-Sha256=UNSIGNED-PAYLOAD&X-Amz-Credential=ASIA47CRV2VXPRELKHWF%2F20260728%2Fus-east-1%2Fs3%2Faws4_request&X-Amz-Date=20260728T112452Z&X-Amz-Expires=300&X-Amz-Security-Token=IQoJb3JpZ2luX2VjEJz%2F%2F%2F%2F%2F%2F%2F%2F%2F%2FwEaCXVzLWVhc3QtMSJGMEQCIADxx6%2FQL8ncZSgrEmtqy2MFHeNYByEdZa5VIg4XEXCiAiBPtXOzTkE23pfhAtPM0zVaJx2n3tTaF3QBL21yJ93HvyrbAghkEAAaDDg5MTM3NzAxNDEyNiIMFvz6byS%2FFX2Pm6OtKrgCUv2FRUlzqU8Prr%2FPFvPaksdWpBiF%2FjxqLQclZwiCHIG55FA5tSjwX6bhnMgm5HSPRK4mTmqGAFRkatMJ49xAdxmfzvQPqqBZt9AOuh3WepDUdT%2BEDOP1vjHJzs1Qfde29iNAWEKjHBTEN0VgpPD1xRvdLn5jJqaHRwjsrhO3yYEHxp6PjUISMh6rd7mFOrWxMu9pBETex4yJFzdSa6My4t4JS7GrAtfnLvQyXnfhjZIGuG6jcGh4A9ZZ%2FGTd%2BXyTdJ4wyQjivMnFDAe3Ci8%2BtTylR6lVtCmrYsZSDBUWE8RJsMvb%2BL9uHgCO5NQjdJaXPkSBspTJHSHdoa%2BEB3mtQghN%2BroP7t4uIWAu3L375VBDN2CFANx9I7lfQHL%2B5BIKiGaZPPF03tEBh1C4qGcfaUMkR75Q05ypMJOIodMGOq4C6bEAy7flAL1nrWCW0U6Ad1slM19KUQN1M6gRXRoXNdtQQpLRVi6pZvQRYrXC4Mt6BiQ%2FCPimNgh8DBl%2BSrcZL6Sdtx17TUmF0CS9X0YplNJyGiUFE06tCVUYJFzMUlwodDYRpaDUAF0DsksBdn5IWj41Cbxe3Eti1MVVSQ2hyILAe4i9U36mHiETwNgEBx%2BkRTwMYwn4Q%2FA7jYMKtNweOPQP%2FzZNmypMSr%2BSaxB%2Fic9TiWYM%2FNHltgYAjMjkvfx1FQsInqv4JYDUQDDmI33LhytSTvTYuih%2BOsi5kQ28WmzxEcz4W24erWKuyJzLE%2FvW92EoEaYaD%2FSEv0eD1w3FVkZYSPuuzRrwhPj9yjnUMWpeFS2rfThVdW7I7YwmfIrwZrkYkDChw9oQ3mfgNGA%3D&X-Amz-Signature=c22ea8fa167dacf680f1665f9ea2b71e93b21e963359cfd991e97462aace30a3&X-Amz-SignedHeaders=host&response-content-disposition=inline,https://rasta-vehicle-counter.s3.us-east-1.amazonaws.com/vehicle-counter-unprocessed-video/3%20july/027/f00190.mp4?X-Amz-Algorithm=AWS4-HMAC-SHA256&X-Amz-Content-Sha256=UNSIGNED-PAYLOAD&X-Amz-Credential=ASIA47CRV2VXPRELKHWF%2F20260728%2Fus-east-1%2Fs3%2Faws4_request&X-Amz-Date=20260728T112928Z&X-Amz-Expires=300&X-Amz-Security-Token=IQoJb3JpZ2luX2VjEJz%2F%2F%2F%2F%2F%2F%2F%2F%2F%2FwEaCXVzLWVhc3QtMSJGMEQCIADxx6%2FQL8ncZSgrEmtqy2MFHeNYByEdZa5VIg4XEXCiAiBPtXOzTkE23pfhAtPM0zVaJx2n3tTaF3QBL21yJ93HvyrbAghkEAAaDDg5MTM3NzAxNDEyNiIMFvz6byS%2FFX2Pm6OtKrgCUv2FRUlzqU8Prr%2FPFvPaksdWpBiF%2FjxqLQclZwiCHIG55FA5tSjwX6bhnMgm5HSPRK4mTmqGAFRkatMJ49xAdxmfzvQPqqBZt9AOuh3WepDUdT%2BEDOP1vjHJzs1Qfde29iNAWEKjHBTEN0VgpPD1xRvdLn5jJqaHRwjsrhO3yYEHxp6PjUISMh6rd7mFOrWxMu9pBETex4yJFzdSa6My4t4JS7GrAtfnLvQyXnfhjZIGuG6jcGh4A9ZZ%2FGTd%2BXyTdJ4wyQjivMnFDAe3Ci8%2BtTylR6lVtCmrYsZSDBUWE8RJsMvb%2BL9uHgCO5NQjdJaXPkSBspTJHSHdoa%2BEB3mtQghN%2BroP7t4uIWAu3L375VBDN2CFANx9I7lfQHL%2B5BIKiGaZPPF03tEBh1C4qGcfaUMkR75Q05ypMJOIodMGOq4C6bEAy7flAL1nrWCW0U6Ad1slM19KUQN1M6gRXRoXNdtQQpLRVi6pZvQRYrXC4Mt6BiQ%2FCPimNgh8DBl%2BSrcZL6Sdtx17TUmF0CS9X0YplNJyGiUFE06tCVUYJFzMUlwodDYRpaDUAF0DsksBdn5IWj41Cbxe3Eti1MVVSQ2hyILAe4i9U36mHiETwNgEBx%2BkRTwMYwn4Q%2FA7jYMKtNweOPQP%2FzZNmypMSr%2BSaxB%2Fic9TiWYM%2FNHltgYAjMjkvfx1FQsInqv4JYDUQDDmI33LhytSTvTYuih%2BOsi5kQ28WmzxEcz4W24erWKuyJzLE%2FvW92EoEaYaD%2FSEv0eD1w3FVkZYSPuuzRrwhPj9yjnUMWpeFS2rfThVdW7I7YwmfIrwZrkYkDChw9oQ3mfgNGA%3D&X-Amz-Signature=151d51b8daf81a6fd22c55d0009550847cf4cd813a7c039298a1be970555814a&X-Amz-SignedHeaders=host&response-content-disposition=inline,,,,,,,,,vehicle-counter-unprocessed-video/3 july/027/f00007.mp4,vehicle-counter-unprocessed-video/3 july/027/f00168.mp4
028,6/21/2026 11:11,https://rasta-vehicle-counter.s3.us-east-1.amazonaws.com/vehicle-counter-unprocessed-video/3%20july/028/f00003.mp4?X-Amz-Algorithm=AWS4-HMAC-SHA256&X-Amz-Content-Sha256=UNSIGNED-PAYLOAD&X-Amz-Credential=ASIA47CRV2VXGDZIV5PZ%2F20260728%2Fus-east-1%2Fs3%2Faws4_request&X-Amz-Date=20260728T113142Z&X-Amz-Expires=300&X-Amz-Security-Token=IQoJb3JpZ2luX2VjEJz%2F%2F%2F%2F%2F%2F%2F%2F%2F%2FwEaCXVzLWVhc3QtMSJHMEUCIQD%2FZpeu9VdOPyxLbEJFaNNP2ZLVIzaW1gdSWEBbOYclYQIgEQ2F8Xr72I0qGS8J3or2jJifApivvK4Oll7bztcahgsq2wIIZRAAGgw4OTEzNzcwMTQxMjYiDLqLjUrLTYnTiUI4Wyq4ArE5QR1soBF0f%2F72ICMqhSOYb3tzVQLu70qmXPWZ0OaCAG%2FsessZutPG8Wz3uHxgJ7uGPv6VMWPQAhJSqQkWWiNd63p84jIgMuVVo9Gdj80A%2FYBmhCeSG0ZyQwkzGsu2Yqkqke9ParhFBy6yTx2myECiqv2yC%2BRhLLO%2BtnXZlo%2FVr4ujpkXw25Iqbc5bbe%2FB%2F5cAWDPm5FDgrqHPJClwR9eIc%2BLQiwylyMm3%2FUf0QvvdtbV8E5oHe89YKmvRoSCVpYocqCDAD8u2RbRb0P5YrkjUHr%2BUWMfZ0pyPKeVKU5JjnBavSBSy0Gq6pfeT84ZFmi3ihVQlzcuWUek78vZG7hDib8purPQwmmV%2FOj%2BVTxSiL65cN%2FJ%2F9TIjFfsKZjUVc7r5kI1y3ENdWIdRJyY4tokL3bC5%2BMiaEDCTiKHTBjqtAmKtjaz0FzjniL1py9QCjzAzaBRh5jaMI1HYzgB6sjHbqpY9POcKVc9H%2BW7wQHlKkJGRW%2BITXewemX1J0EbdabB85QIRQaopRZgvDXtfQJtmuXDprGg%2FtHO5lKfs4lO2og1OKCudYC7PpJhDOEnEdMQdKLZwbKK0hzHcp%2BxBxcf9x0Y2TfyAywSnADj8Piu7BMS%2FVKmtPp9zAvCzRDvibvunwJv3SfYFJ1EKfnRgW1id2YIULCg0akpPalRE8ucZNp2wkozE3pE5iLFpQ40EpdyE4rmEH4NVUSRlvCXM3IIAngPNyPD74Z3dLi11UAvtBwx9bP47F%2BRHVKqr7%2F3zPgBPEmooEP2o1vY7PFscgmOKlM%2FzZ7zmuIksH0zg4hYocrKC7sWPRVrtTCKSlWg%3D&X-Amz-Signature=a53d767575092ba928e3f184e7616b66c88fc7fa8fcd9ec958624d899f674fba&X-Amz-SignedHeaders=host&response-content-disposition=inline,https://rasta-vehicle-counter.s3.us-east-1.amazonaws.com/vehicle-counter-unprocessed-video/3%20july/028/f00130.mp4?X-Amz-Algorithm=AWS4-HMAC-SHA256&X-Amz-Content-Sha256=UNSIGNED-PAYLOAD&X-Amz-Credential=ASIA47CRV2VXGDZIV5PZ%2F20260728%2Fus-east-1%2Fs3%2Faws4_request&X-Amz-Date=20260728T113618Z&X-Amz-Expires=300&X-Amz-Security-Token=IQoJb3JpZ2luX2VjEJz%2F%2F%2F%2F%2F%2F%2F%2F%2F%2FwEaCXVzLWVhc3QtMSJHMEUCIQD%2FZpeu9VdOPyxLbEJFaNNP2ZLVIzaW1gdSWEBbOYclYQIgEQ2F8Xr72I0qGS8J3or2jJifApivvK4Oll7bztcahgsq2wIIZRAAGgw4OTEzNzcwMTQxMjYiDLqLjUrLTYnTiUI4Wyq4ArE5QR1soBF0f%2F72ICMqhSOYb3tzVQLu70qmXPWZ0OaCAG%2FsessZutPG8Wz3uHxgJ7uGPv6VMWPQAhJSqQkWWiNd63p84jIgMuVVo9Gdj80A%2FYBmhCeSG0ZyQwkzGsu2Yqkqke9ParhFBy6yTx2myECiqv2yC%2BRhLLO%2BtnXZlo%2FVr4ujpkXw25Iqbc5bbe%2FB%2F5cAWDPm5FDgrqHPJClwR9eIc%2BLQiwylyMm3%2FUf0QvvdtbV8E5oHe89YKmvRoSCVpYocqCDAD8u2RbRb0P5YrkjUHr%2BUWMfZ0pyPKeVKU5JjnBavSBSy0Gq6pfeT84ZFmi3ihVQlzcuWUek78vZG7hDib8purPQwmmV%2FOj%2BVTxSiL65cN%2FJ%2F9TIjFfsKZjUVc7r5kI1y3ENdWIdRJyY4tokL3bC5%2BMiaEDCTiKHTBjqtAmKtjaz0FzjniL1py9QCjzAzaBRh5jaMI1HYzgB6sjHbqpY9POcKVc9H%2BW7wQHlKkJGRW%2BITXewemX1J0EbdabB85QIRQaopRZgvDXtfQJtmuXDprGg%2FtHO5lKfs4lO2og1OKCudYC7PpJhDOEnEdMQdKLZwbKK0hzHcp%2BxBxcf9x0Y2TfyAywSnADj8Piu7BMS%2FVKmtPp9zAvCzRDvibvunwJv3SfYFJ1EKfnRgW1id2YIULCg0akpPalRE8ucZNp2wkozE3pE5iLFpQ40EpdyE4rmEH4NVUSRlvCXM3IIAngPNyPD74Z3dLi11UAvtBwx9bP47F%2BRHVKqr7%2F3zPgBPEmooEP2o1vY7PFscgmOKlM%2FzZ7zmuIksH0zg4hYocrKC7sWPRVrtTCKSlWg%3D&X-Amz-Signature=e879128f3bc3c9e72d8a048ef54b3e6ddece58543987d365c8dd406c675e37c9&X-Amz-SignedHeaders=host&response-content-disposition=inline,,,,,,,,,vehicle-counter-unprocessed-video/3 july/028/f00003.mp4,vehicle-counter-unprocessed-video/3 july/028/f00061.mp4
029,6/21/2026 11:11,https://rasta-vehicle-counter.s3.us-east-1.amazonaws.com/vehicle-counter-unprocessed-video/3%20july/029/f00002.mp4?X-Amz-Algorithm=AWS4-HMAC-SHA256&X-Amz-Content-Sha256=UNSIGNED-PAYLOAD&X-Amz-Credential=ASIA47CRV2VXGDZIV5PZ%2F20260728%2Fus-east-1%2Fs3%2Faws4_request&X-Amz-Date=20260728T113741Z&X-Amz-Expires=300&X-Amz-Security-Token=IQoJb3JpZ2luX2VjEJz%2F%2F%2F%2F%2F%2F%2F%2F%2F%2FwEaCXVzLWVhc3QtMSJHMEUCIQD%2FZpeu9VdOPyxLbEJFaNNP2ZLVIzaW1gdSWEBbOYclYQIgEQ2F8Xr72I0qGS8J3or2jJifApivvK4Oll7bztcahgsq2wIIZRAAGgw4OTEzNzcwMTQxMjYiDLqLjUrLTYnTiUI4Wyq4ArE5QR1soBF0f%2F72ICMqhSOYb3tzVQLu70qmXPWZ0OaCAG%2FsessZutPG8Wz3uHxgJ7uGPv6VMWPQAhJSqQkWWiNd63p84jIgMuVVo9Gdj80A%2FYBmhCeSG0ZyQwkzGsu2Yqkqke9ParhFBy6yTx2myECiqv2yC%2BRhLLO%2BtnXZlo%2FVr4ujpkXw25Iqbc5bbe%2FB%2F5cAWDPm5FDgrqHPJClwR9eIc%2BLQiwylyMm3%2FUf0QvvdtbV8E5oHe89YKmvRoSCVpYocqCDAD8u2RbRb0P5YrkjUHr%2BUWMfZ0pyPKeVKU5JjnBavSBSy0Gq6pfeT84ZFmi3ihVQlzcuWUek78vZG7hDib8purPQwmmV%2FOj%2BVTxSiL65cN%2FJ%2F9TIjFfsKZjUVc7r5kI1y3ENdWIdRJyY4tokL3bC5%2BMiaEDCTiKHTBjqtAmKtjaz0FzjniL1py9QCjzAzaBRh5jaMI1HYzgB6sjHbqpY9POcKVc9H%2BW7wQHlKkJGRW%2BITXewemX1J0EbdabB85QIRQaopRZgvDXtfQJtmuXDprGg%2FtHO5lKfs4lO2og1OKCudYC7PpJhDOEnEdMQdKLZwbKK0hzHcp%2BxBxcf9x0Y2TfyAywSnADj8Piu7BMS%2FVKmtPp9zAvCzRDvibvunwJv3SfYFJ1EKfnRgW1id2YIULCg0akpPalRE8ucZNp2wkozE3pE5iLFpQ40EpdyE4rmEH4NVUSRlvCXM3IIAngPNyPD74Z3dLi11UAvtBwx9bP47F%2BRHVKqr7%2F3zPgBPEmooEP2o1vY7PFscgmOKlM%2FzZ7zmuIksH0zg4hYocrKC7sWPRVrtTCKSlWg%3D&X-Amz-Signature=544b8afc7939773585e0934d2929845e7f92411fb6cb4baf5a2da97cfb9ece80&X-Amz-SignedHeaders=host&response-content-disposition=inline,https://rasta-vehicle-counter.s3.us-east-1.amazonaws.com/vehicle-counter-unprocessed-video/3%20july/029/f00070.mp4?X-Amz-Algorithm=AWS4-HMAC-SHA256&X-Amz-Content-Sha256=UNSIGNED-PAYLOAD&X-Amz-Credential=ASIA47CRV2VXAUKG5UUK%2F20260728%2Fus-east-1%2Fs3%2Faws4_request&X-Amz-Date=20260728T114120Z&X-Amz-Expires=300&X-Amz-Security-Token=IQoJb3JpZ2luX2VjEJz%2F%2F%2F%2F%2F%2F%2F%2F%2F%2FwEaCXVzLWVhc3QtMSJGMEQCIF3bfGdPw35gzXX%2B%2B9FyoArgR1qBiPuJoqA4e0MsKJaZAiBygUqeTpq2bAu6ROpDNGjJ7VVV5FeV5YkitIcLUCRHeCrbAghlEAAaDDg5MTM3NzAxNDEyNiIMu5evQTuXAGJIcvJWKrgClVkkbE1SiTam%2Fgs5ugwCndgM9CDVN9NiIQWJ%2FH0FPYRiXKw6xFpiyxztwvEHmfiiEJpFUn3nl9IQlKRr600DfK3m8%2FVNCQy0P5hjwm9xusMD8e1toIeZikkEs%2FrHySioMz0iaADkZQf2W5k%2FAZ1RZt2EuZdOhHkxMaCOlpaaw6F28Vq0Ke8ElXsc%2FLt%2FHKqL0zvcTRpnq%2FpjTbEAr1OghM1JZM%2BRCzdMemRmiCf9XJZUaYxcJKOpSXpSTXAxv5VRfqBMTiBe1q2Y7z9H4YUeqzfGW5hx2AsUluGvWYEAIahjCBNVNzC%2FwHTV1DD3wVEfy%2B4KyzAhmip8aEOyxEjzwil9wREbkn7Ct1dxjC0eyy4Ss1I3xUluflH3dLneoDQYlkiL8WBO4gn1KbZ0lTGFpqhEU6xC6kmhMJOIodMGOq4CYnr0sfM1WPkUre6792Slsd6%2BO2iAMJVyOTDnJBgBytYTdqv%2FWjapEp9YDJlk88JDiH%2BHBuR7DTKvCueNGuYT4TqQmqSn1hKBH%2FvOnGsNbbiSH%2B3ThItG9je3LXrDe3%2BDTH5HA%2FqdqZ6Sp%2FTDBwefRMluKAZZcpGgDd6V6ccCaqYh4sqI62mbSxm%2FDTFhrMxJUMMfBsTdmnhgFj%2FbZvNTnMTBhYJJSzzMszHv%2FVdYIcI%2Fch%2F4bP9XUssMAJfoaAIbQ6uXEQOnXuGtZJkWiF7bG2cB4%2BOJFy1t3GIAR2PW6YmsAvb%2Fvoi%2B3zqqov0XTxyK0sapEjd21d4HL0wjZg2hJcaZyPzQ%2FKB9V2VqEWeH58%2FFIeT469HthpLZVu85En4zvac8%2FiKu77FreG%2BlCV4%3D&X-Amz-Signature=07e6ff0f476fb3831da78793b381ca994a83e33da0c833c21d8eae324a9c95e0&X-Amz-SignedHeaders=host&response-content-disposition=inline,,,,,,,,,vehicle-counter-unprocessed-video/3 july/029/f00002.mp4,vehicle-counter-unprocessed-video/3 july/029/f00011.mp4
033,6/21/2026 11:11,https://rasta-vehicle-counter.s3.us-east-1.amazonaws.com/vehicle-counter-unprocessed-video/3%20july/033/f00003.mp4?X-Amz-Algorithm=AWS4-HMAC-SHA256&X-Amz-Content-Sha256=UNSIGNED-PAYLOAD&X-Amz-Credential=ASIA47CRV2VXAUKG5UUK%2F20260728%2Fus-east-1%2Fs3%2Faws4_request&X-Amz-Date=20260728T114256Z&X-Amz-Expires=300&X-Amz-Security-Token=IQoJb3JpZ2luX2VjEJz%2F%2F%2F%2F%2F%2F%2F%2F%2F%2FwEaCXVzLWVhc3QtMSJGMEQCIF3bfGdPw35gzXX%2B%2B9FyoArgR1qBiPuJoqA4e0MsKJaZAiBygUqeTpq2bAu6ROpDNGjJ7VVV5FeV5YkitIcLUCRHeCrbAghlEAAaDDg5MTM3NzAxNDEyNiIMu5evQTuXAGJIcvJWKrgClVkkbE1SiTam%2Fgs5ugwCndgM9CDVN9NiIQWJ%2FH0FPYRiXKw6xFpiyxztwvEHmfiiEJpFUn3nl9IQlKRr600DfK3m8%2FVNCQy0P5hjwm9xusMD8e1toIeZikkEs%2FrHySioMz0iaADkZQf2W5k%2FAZ1RZt2EuZdOhHkxMaCOlpaaw6F28Vq0Ke8ElXsc%2FLt%2FHKqL0zvcTRpnq%2FpjTbEAr1OghM1JZM%2BRCzdMemRmiCf9XJZUaYxcJKOpSXpSTXAxv5VRfqBMTiBe1q2Y7z9H4YUeqzfGW5hx2AsUluGvWYEAIahjCBNVNzC%2FwHTV1DD3wVEfy%2B4KyzAhmip8aEOyxEjzwil9wREbkn7Ct1dxjC0eyy4Ss1I3xUluflH3dLneoDQYlkiL8WBO4gn1KbZ0lTGFpqhEU6xC6kmhMJOIodMGOq4CYnr0sfM1WPkUre6792Slsd6%2BO2iAMJVyOTDnJBgBytYTdqv%2FWjapEp9YDJlk88JDiH%2BHBuR7DTKvCueNGuYT4TqQmqSn1hKBH%2FvOnGsNbbiSH%2B3ThItG9je3LXrDe3%2BDTH5HA%2FqdqZ6Sp%2FTDBwefRMluKAZZcpGgDd6V6ccCaqYh4sqI62mbSxm%2FDTFhrMxJUMMfBsTdmnhgFj%2FbZvNTnMTBhYJJSzzMszHv%2FVdYIcI%2Fch%2F4bP9XUssMAJfoaAIbQ6uXEQOnXuGtZJkWiF7bG2cB4%2BOJFy1t3GIAR2PW6YmsAvb%2Fvoi%2B3zqqov0XTxyK0sapEjd21d4HL0wjZg2hJcaZyPzQ%2FKB9V2VqEWeH58%2FFIeT469HthpLZVu85En4zvac8%2FiKu77FreG%2BlCV4%3D&X-Amz-Signature=581f768abf5af252eee0cf161845425905d8b6379f07a56e115497b617945a0a&X-Amz-SignedHeaders=host&response-content-disposition=inline,https://rasta-vehicle-counter.s3.us-east-1.amazonaws.com/vehicle-counter-unprocessed-video/3%20july/033/f00142.mp4?X-Amz-Algorithm=AWS4-HMAC-SHA256&X-Amz-Content-Sha256=UNSIGNED-PAYLOAD&X-Amz-Credential=ASIA47CRV2VXBBJFULXC%2F20260728%2Fus-east-1%2Fs3%2Faws4_request&X-Amz-Date=20260728T120140Z&X-Amz-Expires=300&X-Amz-Security-Token=IQoJb3JpZ2luX2VjEJz%2F%2F%2F%2F%2F%2F%2F%2F%2F%2FwEaCXVzLWVhc3QtMSJHMEUCIQDkyMq9PNa%2By%2FGt7%2BlNHTmrF7XWSxBf%2FTCMaCOYqiXBJQIgN2VbvIxORuQlYA8%2BvGbg14q9UTSccCpPjzciFOOJ5v4q2wIIZRAAGgw4OTEzNzcwMTQxMjYiDBW7w%2FCN904u3GXquiq4AnCz0Fy7rNyPq3slh6D8sCWAIvF%2FYb8001LkHhoG9eOJKmEgP7br86%2FLdsMhzrPxRQCkm2UVi2SNP5ikQDAaI2bePipsLY2FqaBsC9Gkz4Zk1%2BlBSSp7zAK3pMgDxn6WIcZGo0SK0MLCCtzGhDR48JGQ7%2BAe%2BS0h9Xe0s38rsyCRNAZirGa8uMcnh0CvdKgXQxkAcil6IgePr8VKe5Z6G0C7Ndw63LJXSRjdCAxqIycK4jS4fTSEqmwl4Oq%2FqnzhHwe63bTY2SBfO9%2F73Bym4ah5rJpmCBoEekN3k3LRDuuMYVq6fAXEQ4AV3iwR8bBeCTH4mamQb8%2Bf91Goy3CfXeHCIcOUDY9wfrXkTrvaMmbIP1jx81QcR1VVBqN85HqfrmruIDPEa2cTIgb0sRGivrcO043frUstkDCTiKHTBjqtAq4e%2BJlicCQDJCWcFRoBfKGqlMw0tI%2FKgcEs18P3TEEJt3EMoGNhGwXnZXfa0jaUr%2FbH82PILd%2Fj0zGLn2HkQ7Nte6Z0qfxkMsf0%2BojYasfXL7n3XLPOyo%2FqzwVCcifcsM3l5n4FbkWperdod08MDl6Njvo3iBQGR6rzg5gCtruWMUB6D%2BoPTg2PMJP3fj6xcjBr8IgXocsI1NtmUZwvyNNqcw%2F71vftNF8iY2MpXBTne5gFwOb9IY3ceXcSuhq9LuNpn8E2MmdminWqg6OxzyuV4tOharKuxijazorHQ%2BkZccZkGjFa%2BfzjleXLX0yV9RtOyaHRGGNp2VyNUQvUhccn9Z3Ix81ah2Kc7wKovryuth9d1igGy%2FFZ2yxh6UGtMhasAY8jkocFd5fVQqI%3D&X-Amz-Signature=bc23bdb2fa8c2fa0a3b8b204eea01117cc941bb33f9a40cab9d76b5c5d231b0c&X-Amz-SignedHeaders=host&response-content-disposition=inline,,,,,,,,,vehicle-counter-unprocessed-video/3 july/033/f00153.mp4,vehicle-counter-unprocessed-video/3 july/033/f00118.mp4
043,6/25/2026 11:11,https://rasta-vehicle-counter.s3.us-east-1.amazonaws.com/vehicle-counter-unprocessed-video/3%20july/043/f00006.mp4?X-Amz-Algorithm=AWS4-HMAC-SHA256&X-Amz-Content-Sha256=UNSIGNED-PAYLOAD&X-Amz-Credential=ASIA47CRV2VXBBJFULXC%2F20260728%2Fus-east-1%2Fs3%2Faws4_request&X-Amz-Date=20260728T120301Z&X-Amz-Expires=300&X-Amz-Security-Token=IQoJb3JpZ2luX2VjEJz%2F%2F%2F%2F%2F%2F%2F%2F%2F%2FwEaCXVzLWVhc3QtMSJHMEUCIQDkyMq9PNa%2By%2FGt7%2BlNHTmrF7XWSxBf%2FTCMaCOYqiXBJQIgN2VbvIxORuQlYA8%2BvGbg14q9UTSccCpPjzciFOOJ5v4q2wIIZRAAGgw4OTEzNzcwMTQxMjYiDBW7w%2FCN904u3GXquiq4AnCz0Fy7rNyPq3slh6D8sCWAIvF%2FYb8001LkHhoG9eOJKmEgP7br86%2FLdsMhzrPxRQCkm2UVi2SNP5ikQDAaI2bePipsLY2FqaBsC9Gkz4Zk1%2BlBSSp7zAK3pMgDxn6WIcZGo0SK0MLCCtzGhDR48JGQ7%2BAe%2BS0h9Xe0s38rsyCRNAZirGa8uMcnh0CvdKgXQxkAcil6IgePr8VKe5Z6G0C7Ndw63LJXSRjdCAxqIycK4jS4fTSEqmwl4Oq%2FqnzhHwe63bTY2SBfO9%2F73Bym4ah5rJpmCBoEekN3k3LRDuuMYVq6fAXEQ4AV3iwR8bBeCTH4mamQb8%2Bf91Goy3CfXeHCIcOUDY9wfrXkTrvaMmbIP1jx81QcR1VVBqN85HqfrmruIDPEa2cTIgb0sRGivrcO043frUstkDCTiKHTBjqtAq4e%2BJlicCQDJCWcFRoBfKGqlMw0tI%2FKgcEs18P3TEEJt3EMoGNhGwXnZXfa0jaUr%2FbH82PILd%2Fj0zGLn2HkQ7Nte6Z0qfxkMsf0%2BojYasfXL7n3XLPOyo%2FqzwVCcifcsM3l5n4FbkWperdod08MDl6Njvo3iBQGR6rzg5gCtruWMUB6D%2BoPTg2PMJP3fj6xcjBr8IgXocsI1NtmUZwvyNNqcw%2F71vftNF8iY2MpXBTne5gFwOb9IY3ceXcSuhq9LuNpn8E2MmdminWqg6OxzyuV4tOharKuxijazorHQ%2BkZccZkGjFa%2BfzjleXLX0yV9RtOyaHRGGNp2VyNUQvUhccn9Z3Ix81ah2Kc7wKovryuth9d1igGy%2FFZ2yxh6UGtMhasAY8jkocFd5fVQqI%3D&X-Amz-Signature=9c94ab18edeb8183c81252b4cd5ea2beab47717f42735a092790244d34c6b5dc&X-Amz-SignedHeaders=host&response-content-disposition=inline,https://rasta-vehicle-counter.s3.us-east-1.amazonaws.com/vehicle-counter-unprocessed-video/3%20july/043/f00078.mp4?X-Amz-Algorithm=AWS4-HMAC-SHA256&X-Amz-Content-Sha256=UNSIGNED-PAYLOAD&X-Amz-Credential=ASIA47CRV2VXBBJFULXC%2F20260728%2Fus-east-1%2Fs3%2Faws4_request&X-Amz-Date=20260728T120831Z&X-Amz-Expires=300&X-Amz-Security-Token=IQoJb3JpZ2luX2VjEJz%2F%2F%2F%2F%2F%2F%2F%2F%2F%2FwEaCXVzLWVhc3QtMSJHMEUCIQDkyMq9PNa%2By%2FGt7%2BlNHTmrF7XWSxBf%2FTCMaCOYqiXBJQIgN2VbvIxORuQlYA8%2BvGbg14q9UTSccCpPjzciFOOJ5v4q2wIIZRAAGgw4OTEzNzcwMTQxMjYiDBW7w%2FCN904u3GXquiq4AnCz0Fy7rNyPq3slh6D8sCWAIvF%2FYb8001LkHhoG9eOJKmEgP7br86%2FLdsMhzrPxRQCkm2UVi2SNP5ikQDAaI2bePipsLY2FqaBsC9Gkz4Zk1%2BlBSSp7zAK3pMgDxn6WIcZGo0SK0MLCCtzGhDR48JGQ7%2BAe%2BS0h9Xe0s38rsyCRNAZirGa8uMcnh0CvdKgXQxkAcil6IgePr8VKe5Z6G0C7Ndw63LJXSRjdCAxqIycK4jS4fTSEqmwl4Oq%2FqnzhHwe63bTY2SBfO9%2F73Bym4ah5rJpmCBoEekN3k3LRDuuMYVq6fAXEQ4AV3iwR8bBeCTH4mamQb8%2Bf91Goy3CfXeHCIcOUDY9wfrXkTrvaMmbIP1jx81QcR1VVBqN85HqfrmruIDPEa2cTIgb0sRGivrcO043frUstkDCTiKHTBjqtAq4e%2BJlicCQDJCWcFRoBfKGqlMw0tI%2FKgcEs18P3TEEJt3EMoGNhGwXnZXfa0jaUr%2FbH82PILd%2Fj0zGLn2HkQ7Nte6Z0qfxkMsf0%2BojYasfXL7n3XLPOyo%2FqzwVCcifcsM3l5n4FbkWperdod08MDl6Njvo3iBQGR6rzg5gCtruWMUB6D%2BoPTg2PMJP3fj6xcjBr8IgXocsI1NtmUZwvyNNqcw%2F71vftNF8iY2MpXBTne5gFwOb9IY3ceXcSuhq9LuNpn8E2MmdminWqg6OxzyuV4tOharKuxijazorHQ%2BkZccZkGjFa%2BfzjleXLX0yV9RtOyaHRGGNp2VyNUQvUhccn9Z3Ix81ah2Kc7wKovryuth9d1igGy%2FFZ2yxh6UGtMhasAY8jkocFd5fVQqI%3D&X-Amz-Signature=c6b9e8c1a3210afa1dcedf4a1d5f686859a6d8636f50969036fcb6a367b43afd&X-Amz-SignedHeaders=host&response-content-disposition=inline,,,,,,,,,vehicle-counter-unprocessed-video/3 july/043/f00064.mp4,vehicle-counter-unprocessed-video/3 july/043/f00017.mp4
046,6/25/2026 17:05,https://rasta-vehicle-counter.s3.us-east-1.amazonaws.com/vehicle-counter-unprocessed-video/3%20july/046/f00002.mp4?X-Amz-Algorithm=AWS4-HMAC-SHA256&X-Amz-Content-Sha256=UNSIGNED-PAYLOAD&X-Amz-Credential=ASIA47CRV2VXBBJFULXC%2F20260728%2Fus-east-1%2Fs3%2Faws4_request&X-Amz-Date=20260728T120937Z&X-Amz-Expires=300&X-Amz-Security-Token=IQoJb3JpZ2luX2VjEJz%2F%2F%2F%2F%2F%2F%2F%2F%2F%2FwEaCXVzLWVhc3QtMSJHMEUCIQDkyMq9PNa%2By%2FGt7%2BlNHTmrF7XWSxBf%2FTCMaCOYqiXBJQIgN2VbvIxORuQlYA8%2BvGbg14q9UTSccCpPjzciFOOJ5v4q2wIIZRAAGgw4OTEzNzcwMTQxMjYiDBW7w%2FCN904u3GXquiq4AnCz0Fy7rNyPq3slh6D8sCWAIvF%2FYb8001LkHhoG9eOJKmEgP7br86%2FLdsMhzrPxRQCkm2UVi2SNP5ikQDAaI2bePipsLY2FqaBsC9Gkz4Zk1%2BlBSSp7zAK3pMgDxn6WIcZGo0SK0MLCCtzGhDR48JGQ7%2BAe%2BS0h9Xe0s38rsyCRNAZirGa8uMcnh0CvdKgXQxkAcil6IgePr8VKe5Z6G0C7Ndw63LJXSRjdCAxqIycK4jS4fTSEqmwl4Oq%2FqnzhHwe63bTY2SBfO9%2F73Bym4ah5rJpmCBoEekN3k3LRDuuMYVq6fAXEQ4AV3iwR8bBeCTH4mamQb8%2Bf91Goy3CfXeHCIcOUDY9wfrXkTrvaMmbIP1jx81QcR1VVBqN85HqfrmruIDPEa2cTIgb0sRGivrcO043frUstkDCTiKHTBjqtAq4e%2BJlicCQDJCWcFRoBfKGqlMw0tI%2FKgcEs18P3TEEJt3EMoGNhGwXnZXfa0jaUr%2FbH82PILd%2Fj0zGLn2HkQ7Nte6Z0qfxkMsf0%2BojYasfXL7n3XLPOyo%2FqzwVCcifcsM3l5n4FbkWperdod08MDl6Njvo3iBQGR6rzg5gCtruWMUB6D%2BoPTg2PMJP3fj6xcjBr8IgXocsI1NtmUZwvyNNqcw%2F71vftNF8iY2MpXBTne5gFwOb9IY3ceXcSuhq9LuNpn8E2MmdminWqg6OxzyuV4tOharKuxijazorHQ%2BkZccZkGjFa%2BfzjleXLX0yV9RtOyaHRGGNp2VyNUQvUhccn9Z3Ix81ah2Kc7wKovryuth9d1igGy%2FFZ2yxh6UGtMhasAY8jkocFd5fVQqI%3D&X-Amz-Signature=f0df0279be58c577b1e6f4bfa304dc81ad159642c03f73c5b19895415def033a&X-Amz-SignedHeaders=host&response-content-disposition=inline,https://rasta-vehicle-counter.s3.us-east-1.amazonaws.com/vehicle-counter-unprocessed-video/3%20july/046/f00124.mp4?X-Amz-Algorithm=AWS4-HMAC-SHA256&X-Amz-Content-Sha256=UNSIGNED-PAYLOAD&X-Amz-Credential=ASIA47CRV2VXJCYRGCND%2F20260728%2Fus-east-1%2Fs3%2Faws4_request&X-Amz-Date=20260728T121201Z&X-Amz-Expires=300&X-Amz-Security-Token=IQoJb3JpZ2luX2VjEJ3%2F%2F%2F%2F%2F%2F%2F%2F%2F%2FwEaCXVzLWVhc3QtMSJIMEYCIQC%2BjapywZYMuqKzG0kmVV8c%2FtOr5rxKL%2B3QxhYl8nf2ugIhAInacqod17PbC2wuoGq9%2FZ9ZD%2F2LZITCMq0rL79Exgj9KtsCCGUQABoMODkxMzc3MDE0MTI2IgyB4vFABnvmd%2F1nurIquAJX879JvtWvsK23%2BK7hmlJkPTjnsP4qltRU9uLfw5SmTs23cyYVV7e13A2Wugg2PDqwVJWQp2l%2Fno91av0GS9YRv6kYHRfKB9XDB6O33blePtC9wUJHvkUS6c8KIhRjELvHRR9nwP8nkZXBBT3iLxuprFBIOAP3Vzr5R%2BGU3iqLy8wKEMWzDOoG9bGHvy22Ah8FCUnITYYgyDa8MsgEebTYhlElCYIP2xTwceaE%2Bsvr3%2BUeq4CIxjRUKiO1CZEzbaHD4S9dz%2Ff7VycOJpKBDx1iA3MkEUEq00Togcj15M%2FGQQfAydznRU7etMykjMv9lgg75b4DRR%2BLU8Y5sbyKt518CeD5I2%2Focy%2Bga%2F0jJdx%2B4MUPS9XtsHgthOIJh2xh4jSByi%2B%2BwKwDsuDyCer8WUGr%2Fhz%2FV7wmUZ8wk4ih0wY6rAJC7yvKnIpqoKAbt428vaKKTGSx7ahQiRLVxTjjs%2FRFKQPH%2Fj%2Fholt8RE6eTFJ3mf4Amgp4bvJcuOQlbwxl4R0Jeaeu4z8%2BinHFliGLPlmkCOAJxuKVJjGzIrXAAIPcQQuvTVeuEzTx7LulGOgszWv1dCr4qepjkVQKiQshIEawFd%2BD%2FgBhajRiHyC1wBfUcNENpqScNriXmzxyfrJBilU33rq41tuee9Nrq8zUXgdpEzzGGta5KzJQhnsrGJnhDr0B8shQQZrE3uh4B6T8WM%2Fn8UJTmwzv9hDLhCvH3m6eTY1LfQXEVzzcewb3o4WqN9kXSbdipEUohiDuEFp2JkW6ebnLFtXfJRZEApPENPlwVCwLOZaGDOMgRbXIHWomcRKEt6D23zMEOcxJAL4%3D&X-Amz-Signature=cf76a35ac395190e664fd580b5432af4a66417068db89f97a452bb6cf27a209d&X-Amz-SignedHeaders=host&response-content-disposition=inline,,,,,,,,,vehicle-counter-unprocessed-video/3 july/046/f00002.mp4,vehicle-counter-unprocessed-video/3 july/046/f00117.mp4
049,6/20/2026 11:11,https://rasta-vehicle-counter.s3.us-east-1.amazonaws.com/vehicle-counter-unprocessed-video/3%20july/049/f00025.mp4?X-Amz-Algorithm=AWS4-HMAC-SHA256&X-Amz-Content-Sha256=UNSIGNED-PAYLOAD&X-Amz-Credential=ASIA47CRV2VXAR7AZZEE%2F20260728%2Fus-east-1%2Fs3%2Faws4_request&X-Amz-Date=20260728T122254Z&X-Amz-Expires=300&X-Amz-Security-Token=IQoJb3JpZ2luX2VjEJ3%2F%2F%2F%2F%2F%2F%2F%2F%2F%2FwEaCXVzLWVhc3QtMSJGMEQCIBWYy5k5rhXdm%2FPoa0bAq7wEYn1Www1paNt4BCcyr%2FkLAiBWxRS1JxWLu7YRyIR%2B4wkktYXSnP2CnhZ5uLlbedmNFyrbAghlEAAaDDg5MTM3NzAxNDEyNiIMY8mSLwpU7QtToLgtKrgCrI4rGNE8SxIlax9r2AD0kjj0WyOVjYFAMnH75VbGdtFO7MLiRfosiR8soZ7URuPmrX%2BKkrpgpesU4V%2Fy0K15laicBFogMrT%2FHe1w0AzaQMXTeBPOZVLTC8lTEx9rQ8SPA1NQfmcqC5Zu85TVK04gzLV2o94Yc%2F%2FZBs4vKyVQdfhUsAIH3gpXBvoaDnKK1TPql0qYjIFJtq1%2BeblaOsyaoqu5xZTnRQr9mHHmgitb2uPH4E7mtfSnHu1BZEddcAH0hNxCxKj35Fr4bIJ6%2BlNgm370f9GlGR0nCiSlmXu5LLek2ZWZdrkcLNN6hP6smIWNZZvJ8b7gDotiUp6TFG09%2BHVYCLxL3mG9IPzLbKNV521hhOnvnXR%2FxdM3aQ8z2ZR%2FdT3eB7dwP11iPSdXFaz%2FBba09EfPiocWMJOIodMGOq4C57XBctUVpqDs9j70yiMV8N6y079lK%2FPRzaKUnImIs3%2BR0k75moORHCFhSmAIh5iIBbTgnOid1wN1P9rkI%2FbOnowv8kY7dWxRrbF0%2Bgug9q96I0fATrSnIZTU2FQDbV2G%2Bsbf6UAG2KUb0QU1a3OCtdoOuEziT2bMQ9GXYVPssw8ztiRb2DP850E%2FgY%2BQolLjdnJ2FNriuC4HouVA69nDi8%2FUr5IKapLsuTpi9amjUty2wgW4SiXYfJ2wxdaVC4suW6FYn1wNEhlTJJPWIb1y84nlwunIW2R3XDcTLDhJCq7A5%2BZ2W9uyJmn5HUfT9so1%2FtJ2k78SkXhF8MjHw8SnIQJNtQsCxMX%2Fus60%2F0BLRpGeqxtyioYtPb1VrFY917dKAyYzRkRNi09kJqajI7g%3D&X-Amz-Signature=1cb312703bd59f8774a67056ac05d7909970d30941e5142d07313f5c6f4cf716&X-Amz-SignedHeaders=host&response-content-disposition=inline,https://rasta-vehicle-counter.s3.us-east-1.amazonaws.com/vehicle-counter-unprocessed-video/3%20july/049/f00002.mp4?X-Amz-Algorithm=AWS4-HMAC-SHA256&X-Amz-Content-Sha256=UNSIGNED-PAYLOAD&X-Amz-Credential=ASIA47CRV2VXAR7AZZEE%2F20260728%2Fus-east-1%2Fs3%2Faws4_request&X-Amz-Date=20260728T121934Z&X-Amz-Expires=300&X-Amz-Security-Token=IQoJb3JpZ2luX2VjEJ3%2F%2F%2F%2F%2F%2F%2F%2F%2F%2FwEaCXVzLWVhc3QtMSJGMEQCIBWYy5k5rhXdm%2FPoa0bAq7wEYn1Www1paNt4BCcyr%2FkLAiBWxRS1JxWLu7YRyIR%2B4wkktYXSnP2CnhZ5uLlbedmNFyrbAghlEAAaDDg5MTM3NzAxNDEyNiIMY8mSLwpU7QtToLgtKrgCrI4rGNE8SxIlax9r2AD0kjj0WyOVjYFAMnH75VbGdtFO7MLiRfosiR8soZ7URuPmrX%2BKkrpgpesU4V%2Fy0K15laicBFogMrT%2FHe1w0AzaQMXTeBPOZVLTC8lTEx9rQ8SPA1NQfmcqC5Zu85TVK04gzLV2o94Yc%2F%2FZBs4vKyVQdfhUsAIH3gpXBvoaDnKK1TPql0qYjIFJtq1%2BeblaOsyaoqu5xZTnRQr9mHHmgitb2uPH4E7mtfSnHu1BZEddcAH0hNxCxKj35Fr4bIJ6%2BlNgm370f9GlGR0nCiSlmXu5LLek2ZWZdrkcLNN6hP6smIWNZZvJ8b7gDotiUp6TFG09%2BHVYCLxL3mG9IPzLbKNV521hhOnvnXR%2FxdM3aQ8z2ZR%2FdT3eB7dwP11iPSdXFaz%2FBba09EfPiocWMJOIodMGOq4C57XBctUVpqDs9j70yiMV8N6y079lK%2FPRzaKUnImIs3%2BR0k75moORHCFhSmAIh5iIBbTgnOid1wN1P9rkI%2FbOnowv8kY7dWxRrbF0%2Bgug9q96I0fATrSnIZTU2FQDbV2G%2Bsbf6UAG2KUb0QU1a3OCtdoOuEziT2bMQ9GXYVPssw8ztiRb2DP850E%2FgY%2BQolLjdnJ2FNriuC4HouVA69nDi8%2FUr5IKapLsuTpi9amjUty2wgW4SiXYfJ2wxdaVC4suW6FYn1wNEhlTJJPWIb1y84nlwunIW2R3XDcTLDhJCq7A5%2BZ2W9uyJmn5HUfT9so1%2FtJ2k78SkXhF8MjHw8SnIQJNtQsCxMX%2Fus60%2F0BLRpGeqxtyioYtPb1VrFY917dKAyYzRkRNi09kJqajI7g%3D&X-Amz-Signature=c0f092ec3e3f51ca71e637e3a243aa09af2f79ff46d955c5eec6ac2b1c0ce3fc&X-Amz-SignedHeaders=host&response-content-disposition=inline,,,,,,,,,,
056,6/23/2026 11:11,https://rasta-vehicle-counter.s3.us-east-1.amazonaws.com/vehicle-counter-unprocessed-video/3%20july/056/f00120.mp4?X-Amz-Algorithm=AWS4-HMAC-SHA256&X-Amz-Content-Sha256=UNSIGNED-PAYLOAD&X-Amz-Credential=ASIA47CRV2VXAR7AZZEE%2F20260728%2Fus-east-1%2Fs3%2Faws4_request&X-Amz-Date=20260728T122800Z&X-Amz-Expires=300&X-Amz-Security-Token=IQoJb3JpZ2luX2VjEJ3%2F%2F%2F%2F%2F%2F%2F%2F%2F%2FwEaCXVzLWVhc3QtMSJGMEQCIBWYy5k5rhXdm%2FPoa0bAq7wEYn1Www1paNt4BCcyr%2FkLAiBWxRS1JxWLu7YRyIR%2B4wkktYXSnP2CnhZ5uLlbedmNFyrbAghlEAAaDDg5MTM3NzAxNDEyNiIMY8mSLwpU7QtToLgtKrgCrI4rGNE8SxIlax9r2AD0kjj0WyOVjYFAMnH75VbGdtFO7MLiRfosiR8soZ7URuPmrX%2BKkrpgpesU4V%2Fy0K15laicBFogMrT%2FHe1w0AzaQMXTeBPOZVLTC8lTEx9rQ8SPA1NQfmcqC5Zu85TVK04gzLV2o94Yc%2F%2FZBs4vKyVQdfhUsAIH3gpXBvoaDnKK1TPql0qYjIFJtq1%2BeblaOsyaoqu5xZTnRQr9mHHmgitb2uPH4E7mtfSnHu1BZEddcAH0hNxCxKj35Fr4bIJ6%2BlNgm370f9GlGR0nCiSlmXu5LLek2ZWZdrkcLNN6hP6smIWNZZvJ8b7gDotiUp6TFG09%2BHVYCLxL3mG9IPzLbKNV521hhOnvnXR%2FxdM3aQ8z2ZR%2FdT3eB7dwP11iPSdXFaz%2FBba09EfPiocWMJOIodMGOq4C57XBctUVpqDs9j70yiMV8N6y079lK%2FPRzaKUnImIs3%2BR0k75moORHCFhSmAIh5iIBbTgnOid1wN1P9rkI%2FbOnowv8kY7dWxRrbF0%2Bgug9q96I0fATrSnIZTU2FQDbV2G%2Bsbf6UAG2KUb0QU1a3OCtdoOuEziT2bMQ9GXYVPssw8ztiRb2DP850E%2FgY%2BQolLjdnJ2FNriuC4HouVA69nDi8%2FUr5IKapLsuTpi9amjUty2wgW4SiXYfJ2wxdaVC4suW6FYn1wNEhlTJJPWIb1y84nlwunIW2R3XDcTLDhJCq7A5%2BZ2W9uyJmn5HUfT9so1%2FtJ2k78SkXhF8MjHw8SnIQJNtQsCxMX%2Fus60%2F0BLRpGeqxtyioYtPb1VrFY917dKAyYzRkRNi09kJqajI7g%3D&X-Amz-Signature=2439a1569571b0699942160f8840c1a4a85b4e2bbc12228a63aac92143e05f1a&X-Amz-SignedHeaders=host&response-content-disposition=inline,https://rasta-vehicle-counter.s3.us-east-1.amazonaws.com/vehicle-counter-unprocessed-video/3%20july/056/f00003.mp4?X-Amz-Algorithm=AWS4-HMAC-SHA256&X-Amz-Content-Sha256=UNSIGNED-PAYLOAD&X-Amz-Credential=ASIA47CRV2VXAR7AZZEE%2F20260728%2Fus-east-1%2Fs3%2Faws4_request&X-Amz-Date=20260728T122558Z&X-Amz-Expires=300&X-Amz-Security-Token=IQoJb3JpZ2luX2VjEJ3%2F%2F%2F%2F%2F%2F%2F%2F%2F%2FwEaCXVzLWVhc3QtMSJGMEQCIBWYy5k5rhXdm%2FPoa0bAq7wEYn1Www1paNt4BCcyr%2FkLAiBWxRS1JxWLu7YRyIR%2B4wkktYXSnP2CnhZ5uLlbedmNFyrbAghlEAAaDDg5MTM3NzAxNDEyNiIMY8mSLwpU7QtToLgtKrgCrI4rGNE8SxIlax9r2AD0kjj0WyOVjYFAMnH75VbGdtFO7MLiRfosiR8soZ7URuPmrX%2BKkrpgpesU4V%2Fy0K15laicBFogMrT%2FHe1w0AzaQMXTeBPOZVLTC8lTEx9rQ8SPA1NQfmcqC5Zu85TVK04gzLV2o94Yc%2F%2FZBs4vKyVQdfhUsAIH3gpXBvoaDnKK1TPql0qYjIFJtq1%2BeblaOsyaoqu5xZTnRQr9mHHmgitb2uPH4E7mtfSnHu1BZEddcAH0hNxCxKj35Fr4bIJ6%2BlNgm370f9GlGR0nCiSlmXu5LLek2ZWZdrkcLNN6hP6smIWNZZvJ8b7gDotiUp6TFG09%2BHVYCLxL3mG9IPzLbKNV521hhOnvnXR%2FxdM3aQ8z2ZR%2FdT3eB7dwP11iPSdXFaz%2FBba09EfPiocWMJOIodMGOq4C57XBctUVpqDs9j70yiMV8N6y079lK%2FPRzaKUnImIs3%2BR0k75moORHCFhSmAIh5iIBbTgnOid1wN1P9rkI%2FbOnowv8kY7dWxRrbF0%2Bgug9q96I0fATrSnIZTU2FQDbV2G%2Bsbf6UAG2KUb0QU1a3OCtdoOuEziT2bMQ9GXYVPssw8ztiRb2DP850E%2FgY%2BQolLjdnJ2FNriuC4HouVA69nDi8%2FUr5IKapLsuTpi9amjUty2wgW4SiXYfJ2wxdaVC4suW6FYn1wNEhlTJJPWIb1y84nlwunIW2R3XDcTLDhJCq7A5%2BZ2W9uyJmn5HUfT9so1%2FtJ2k78SkXhF8MjHw8SnIQJNtQsCxMX%2Fus60%2F0BLRpGeqxtyioYtPb1VrFY917dKAyYzRkRNi09kJqajI7g%3D&X-Amz-Signature=758f48f14fdafb6654ca89fc1844785b0629d9cb586def97cb4fbb0f636229ae&X-Amz-SignedHeaders=host&response-content-disposition=inline,,,,,,,,,vehicle-counter-unprocessed-video/3 july/056/f00199.mp4,vehicle-counter-unprocessed-video/3 july/056/f00003.mp4
061,6/21/2026 11:11,https://rasta-vehicle-counter.s3.us-east-1.amazonaws.com/vehicle-counter-unprocessed-video/3%20july/061/f00003.mp4?X-Amz-Algorithm=AWS4-HMAC-SHA256&X-Amz-Content-Sha256=UNSIGNED-PAYLOAD&X-Amz-Credential=ASIA47CRV2VXNP2LLX2H%2F20260728%2Fus-east-1%2Fs3%2Faws4_request&X-Amz-Date=20260728T123236Z&X-Amz-Expires=300&X-Amz-Security-Token=IQoJb3JpZ2luX2VjEJ3%2F%2F%2F%2F%2F%2F%2F%2F%2F%2FwEaCXVzLWVhc3QtMSJHMEUCIQCo0FYfF2Jubv30fNsN0rdbK8d1l6V01t7BZ9nj%2BDxomgIgfBGFmtV76StrrXDkVPVCMBH6FiYzDvsUgRtrFN6uEGkq2wIIZhAAGgw4OTEzNzcwMTQxMjYiDOPRQR01Hp4NAwt4ZCq4AgwUV3wio8gPr8iX4r6FEE6RaZI2bEfZ0wFMjG2YA8IP24CaoFIA7rvg5md%2FYto39ty4QzobK%2B5NQYT2ZFiMCWpXLI3cFJHjIkkohVHYb%2BWIuMcHAf9ISch5%2BR9wc7ZQahp8bopjX4ZMqVwjfZbuTbFHceBs96sO%2FWEjXeVTFzrFFW%2BB42OHKLwXQXfsFBioDKKoMmsUUaa%2FNIIn627KNvktPP0SX9IhuToY6M5fkfIYjbnwtxN1gVzPj2tsKowT%2FPKY17g0K2BoRkhYNOwxQTMjd6ACvmWEH%2FDzgraruJ1Pt6oTzzWfjkjBAlgAEnJSZVWfHT0LMNpP6WmnhXccJ%2BU%2B4jAcKYj29v%2BumL9wvU3c1p7cgBUAB7akVrVg%2BAqey8GZXjOQc5%2BiosvKYXnT3lpHTwGLHZ0vEjCTiKHTBjqtAi5Qo1Xr0iSSdgC4q5GDM3V0RMwO3bAmdJQAZ6gOKgoCG9EROmG1Dot68a21ta2qGW%2FpE0Mk6TJEKw%2FyNDrqjbCRDUFlM4h7c8hf6SwrqtG9wK%2Fz%2FMptQF5G4D7sHBBZhHV%2FSubnmCCs0pCpTvlSVeDGZ5kmgoREZOiGWqmeycFKNQLE8qt9RDsEYD7IU6F3kCKapPS14eX7qV5S7vXlsfYxSfFoM%2FkA7ldRlGSsLW%2FJOLFZXkSuUNQt3jSbb8Jj9wpffGHakvL9YVS0mAa%2FyHN%2FKC3rOU2pOlAPbT9LBMP8u0gLzmTl1Gjj8fhd2SZ%2BUzDnSYkXLPw88uUzKahG7Ye2d9LY4ljorwYynzbUPUVxl61erqerf%2Bff6NUPywAgY7t7HkY7XHZhheU1J4A%3D&X-Amz-Signature=aa3964ff7de8f4c26201765c3d03971bef1d7a22949a0037350dd32f5fdac2cd&X-Amz-SignedHeaders=host&response-content-disposition=inline,https://rasta-vehicle-counter.s3.us-east-1.amazonaws.com/vehicle-counter-unprocessed-video/3%20july/061/f00218.mp4?X-Amz-Algorithm=AWS4-HMAC-SHA256&X-Amz-Content-Sha256=UNSIGNED-PAYLOAD&X-Amz-Credential=ASIA47CRV2VXNP2LLX2H%2F20260728%2Fus-east-1%2Fs3%2Faws4_request&X-Amz-Date=20260728T123542Z&X-Amz-Expires=300&X-Amz-Security-Token=IQoJb3JpZ2luX2VjEJ3%2F%2F%2F%2F%2F%2F%2F%2F%2F%2FwEaCXVzLWVhc3QtMSJHMEUCIQCo0FYfF2Jubv30fNsN0rdbK8d1l6V01t7BZ9nj%2BDxomgIgfBGFmtV76StrrXDkVPVCMBH6FiYzDvsUgRtrFN6uEGkq2wIIZhAAGgw4OTEzNzcwMTQxMjYiDOPRQR01Hp4NAwt4ZCq4AgwUV3wio8gPr8iX4r6FEE6RaZI2bEfZ0wFMjG2YA8IP24CaoFIA7rvg5md%2FYto39ty4QzobK%2B5NQYT2ZFiMCWpXLI3cFJHjIkkohVHYb%2BWIuMcHAf9ISch5%2BR9wc7ZQahp8bopjX4ZMqVwjfZbuTbFHceBs96sO%2FWEjXeVTFzrFFW%2BB42OHKLwXQXfsFBioDKKoMmsUUaa%2FNIIn627KNvktPP0SX9IhuToY6M5fkfIYjbnwtxN1gVzPj2tsKowT%2FPKY17g0K2BoRkhYNOwxQTMjd6ACvmWEH%2FDzgraruJ1Pt6oTzzWfjkjBAlgAEnJSZVWfHT0LMNpP6WmnhXccJ%2BU%2B4jAcKYj29v%2BumL9wvU3c1p7cgBUAB7akVrVg%2BAqey8GZXjOQc5%2BiosvKYXnT3lpHTwGLHZ0vEjCTiKHTBjqtAi5Qo1Xr0iSSdgC4q5GDM3V0RMwO3bAmdJQAZ6gOKgoCG9EROmG1Dot68a21ta2qGW%2FpE0Mk6TJEKw%2FyNDrqjbCRDUFlM4h7c8hf6SwrqtG9wK%2Fz%2FMptQF5G4D7sHBBZhHV%2FSubnmCCs0pCpTvlSVeDGZ5kmgoREZOiGWqmeycFKNQLE8qt9RDsEYD7IU6F3kCKapPS14eX7qV5S7vXlsfYxSfFoM%2FkA7ldRlGSsLW%2FJOLFZXkSuUNQt3jSbb8Jj9wpffGHakvL9YVS0mAa%2FyHN%2FKC3rOU2pOlAPbT9LBMP8u0gLzmTl1Gjj8fhd2SZ%2BUzDnSYkXLPw88uUzKahG7Ye2d9LY4ljorwYynzbUPUVxl61erqerf%2Bff6NUPywAgY7t7HkY7XHZhheU1J4A%3D&X-Amz-Signature=6a466ed7052d59a79a5b09ff000e0d611f1b803fd720f9f6fa88221ec053919c&X-Amz-SignedHeaders=host&response-content-disposition=inline,,,,,,,,,vehicle-counter-unprocessed-video/3 july/061/f00003.mp4,vehicle-counter-unprocessed-video/3 july/061/f00215.mp4
067,6/23/2026 11:11,https://rasta-vehicle-counter.s3.us-east-1.amazonaws.com/vehicle-counter-unprocessed-video/3%20july/067/f00025.mp4?X-Amz-Algorithm=AWS4-HMAC-SHA256&X-Amz-Content-Sha256=UNSIGNED-PAYLOAD&X-Amz-Credential=ASIA47CRV2VXGAEX3NCS%2F20260728%2Fus-east-1%2Fs3%2Faws4_request&X-Amz-Date=20260728T125238Z&X-Amz-Expires=300&X-Amz-Security-Token=IQoJb3JpZ2luX2VjEJ3%2F%2F%2F%2F%2F%2F%2F%2F%2F%2FwEaCXVzLWVhc3QtMSJGMEQCIDEt%2Fi5D4jbzdPKboVcnBi%2FabJvDu5ZpZ5rGZnXbrF4CAiBXwzOEO9w5towMfMkhsXOPrfHdsd9hjHH99krh0McUIirbAghmEAAaDDg5MTM3NzAxNDEyNiIMQEk%2FBoMT9c%2BYp7bjKrgCbmZYbXoUq7TXXKkxB%2Bl1LpLOpJNh6P1WzuiC3nwkYUhH2Hg4KpsBWRWCMAOG9fvuZ1Vi7Y7KDMO%2Fk8pmC5Csde40QMNTD%2BZp%2FHwwmuy4zEWsUp5Q4q8frBFqpkt%2Bc3h6yyT3AaSBBf5S2jgNJ81SY8BNDk0KiXoHPsTpQSPiSknPGFuXi%2F19XYzGsb3Kev5KHNqxZtxuUN9skAXljVJsryzF0cRB5%2BHioXkX0xB7C9tpb3GUfRL3qbFrrJi%2BKMLwlPzOJqOh33Ry1r3vvsR1i5zkDDuAUhMZmK42dj3iiwE%2FAQO5HGOVAfR3ztz5FjlQNFVlHGu09aInacepCESL8rdiGViY9xs30ePjF9BBjny2PlIbZh5tLyz915rw2Ac222qWPo2jYv7q7J3lswQCByZEKLwYt3%2B4MJOIodMGOq4CaXx7fxk3Gnz%2FLfkcj2fi9kMyDr0PM0Ba%2FQv1dbHsyAMfNBMgN6V1d0gRxVByna%2FHtH03oGgN20MTXrl%2ByZ7Ptile8YW9aV0j0peFvv%2BOjdYi3RfmRDQF0fpsDqqGuXnKhAsLjyfxzkV%2Ff0B87TbpH%2FJeQ9tY0fGyWW%2BQGEOHwzjlINUF%2BaL5mcDn1iOpORVp7ZGVmkBxsTtwZ6SMuG55Pjn2rFZbfy3id4grx55p5CZjMuhvBuPU%2Ba%2FvZ7YZ6WzH2KU1x5UbSiv%2BwX0qQISMKHe2gxWw%2FCVQU4SghqwXIGbWnwG1cYpzfBnrX1vTpq5KiSugquElK81zyjvpgIVeR0aOHdzAlgZjSy1BjiXbP2P8wz4V1j9Dq61sP8umbjIpt%2FXDC1hUAGvqBTQHxhY%3D&X-Amz-Signature=2d8f9defcb8f004357fa4cca0e1ee3490b5fc7f9ecd43d593efeefaa92408dff&X-Amz-SignedHeaders=host&response-content-disposition=inline,https://rasta-vehicle-counter.s3.us-east-1.amazonaws.com/vehicle-counter-unprocessed-video/3%20july/067/f00157.mp4?X-Amz-Algorithm=AWS4-HMAC-SHA256&X-Amz-Content-Sha256=UNSIGNED-PAYLOAD&X-Amz-Credential=ASIA47CRV2VXGAEX3NCS%2F20260728%2Fus-east-1%2Fs3%2Faws4_request&X-Amz-Date=20260728T125804Z&X-Amz-Expires=300&X-Amz-Security-Token=IQoJb3JpZ2luX2VjEJ3%2F%2F%2F%2F%2F%2F%2F%2F%2F%2FwEaCXVzLWVhc3QtMSJGMEQCIDEt%2Fi5D4jbzdPKboVcnBi%2FabJvDu5ZpZ5rGZnXbrF4CAiBXwzOEO9w5towMfMkhsXOPrfHdsd9hjHH99krh0McUIirbAghmEAAaDDg5MTM3NzAxNDEyNiIMQEk%2FBoMT9c%2BYp7bjKrgCbmZYbXoUq7TXXKkxB%2Bl1LpLOpJNh6P1WzuiC3nwkYUhH2Hg4KpsBWRWCMAOG9fvuZ1Vi7Y7KDMO%2Fk8pmC5Csde40QMNTD%2BZp%2FHwwmuy4zEWsUp5Q4q8frBFqpkt%2Bc3h6yyT3AaSBBf5S2jgNJ81SY8BNDk0KiXoHPsTpQSPiSknPGFuXi%2F19XYzGsb3Kev5KHNqxZtxuUN9skAXljVJsryzF0cRB5%2BHioXkX0xB7C9tpb3GUfRL3qbFrrJi%2BKMLwlPzOJqOh33Ry1r3vvsR1i5zkDDuAUhMZmK42dj3iiwE%2FAQO5HGOVAfR3ztz5FjlQNFVlHGu09aInacepCESL8rdiGViY9xs30ePjF9BBjny2PlIbZh5tLyz915rw2Ac222qWPo2jYv7q7J3lswQCByZEKLwYt3%2B4MJOIodMGOq4CaXx7fxk3Gnz%2FLfkcj2fi9kMyDr0PM0Ba%2FQv1dbHsyAMfNBMgN6V1d0gRxVByna%2FHtH03oGgN20MTXrl%2ByZ7Ptile8YW9aV0j0peFvv%2BOjdYi3RfmRDQF0fpsDqqGuXnKhAsLjyfxzkV%2Ff0B87TbpH%2FJeQ9tY0fGyWW%2BQGEOHwzjlINUF%2BaL5mcDn1iOpORVp7ZGVmkBxsTtwZ6SMuG55Pjn2rFZbfy3id4grx55p5CZjMuhvBuPU%2Ba%2FvZ7YZ6WzH2KU1x5UbSiv%2BwX0qQISMKHe2gxWw%2FCVQU4SghqwXIGbWnwG1cYpzfBnrX1vTpq5KiSugquElK81zyjvpgIVeR0aOHdzAlgZjSy1BjiXbP2P8wz4V1j9Dq61sP8umbjIpt%2FXDC1hUAGvqBTQHxhY%3D&X-Amz-Signature=0a717563ff831d53cc7845cf3860f6dc7c9a00a8c5c38572bda7b3678de059ec&X-Amz-SignedHeaders=host&response-content-disposition=inline,,,,,,,,,vehicle-counter-unprocessed-video/3 july/067/f00051.mp4,vehicle-counter-unprocessed-video/3 july/067/f00009.mp4
070,6/23/2026 11:11,https://rasta-vehicle-counter.s3.us-east-1.amazonaws.com/vehicle-counter-unprocessed-video/3%20july/070/f00002.mp4?X-Amz-Algorithm=AWS4-HMAC-SHA256&X-Amz-Content-Sha256=UNSIGNED-PAYLOAD&X-Amz-Credential=ASIA47CRV2VXCATK4XLZ%2F20260728%2Fus-east-1%2Fs3%2Faws4_request&X-Amz-Date=20260728T125933Z&X-Amz-Expires=300&X-Amz-Security-Token=IQoJb3JpZ2luX2VjEJ3%2F%2F%2F%2F%2F%2F%2F%2F%2F%2FwEaCXVzLWVhc3QtMSJHMEUCIQCEoYGA3aAHsrZm3DB2yTk1MAj8P%2BRFx6mPbvLj%2BNrEdgIgGbeR9LCgtZ6zE8pmjeFWBzY4NxNH7BZ%2BTBNzGab7Fksq2wIIZhAAGgw4OTEzNzcwMTQxMjYiDNQSg%2BJJ4oSWlfBcySq4Ah2MfcwKksJPzzYiMSjIqrKY7YkEDtWJ7amuLSefdde6c9OExorY7mAXiJpbfSLOrgroLr1MBFsUulBcULnf0BvX1Vz0V04Rz902LfJFoV6j9%2Bz877IvEzhCWuBNZesTdU1FG4%2F3T3tadJJRPRPBKOYtSQ2FhHjHk1j0kTkxKiUAoupEC80Q4sOsYcKCYyyApJs7dgcVpI1rWLzYv0HDV7WgAtqpIsEFPP0tKlgNIjgPoJ6OyOBwSQEbL95Lm9ayK1bqHRrwNtlSl6vBVKXbWOO1DSo89QX%2BjXfn47HEjUje5BT16tVQqzQBVSidqacvPGImAQSogKNGr%2BELlHvpeBKELPUAXml6N848C4994%2FNvDkmuRRcCCrXp3p3jatayRBWPI%2B4JtJ9XonI2eeIcYUo30Swc56SjOzCTiKHTBjqtAp2vH3Weg3TpOB2zrWqcIzrBXcAK%2Fi49wrb2PbK3fyaYviKNVEtzmB2OYI9f8byqnyc%2FhphqIQEg1kl2agoPgy5aIJa7x5rtxXknQkNNTZuEtlanvRsyUJ4jJUE77FEmqpdQhIFaPQyQrYKLa6CmXCJxIYbjU2v5n6AT7oA8sUzov3sVHdGemox3poSddROWSUZsnrmbSBBQKh9lj10Rrx9m3Zr1ZKhxJxqA6QKBVfXdZp442gEyskdS1dFYqVIdhcsp09BzMSIPlTlJNCIh9wurQ79Eh2EofKWi7NGllsKu5BW0Mb1J9koqMX8aRO671e%2Fy1dIUQnJIJQtvwfA%2FOkGcLnTa1WAJemS5VSEm8j%2FWYu35WnAFmxboHqqYkLkUYlo6i45cfwd8AYbNdMY%3D&X-Amz-Signature=ba3bbe9a566ea193d0afa66b4210dd38f58b65f532e0f710afb02138e2d1ac4d&X-Amz-SignedHeaders=host&response-content-disposition=inline,https://rasta-vehicle-counter.s3.us-east-1.amazonaws.com/vehicle-counter-unprocessed-video/3%20july/070/f00004.mp4?X-Amz-Algorithm=AWS4-HMAC-SHA256&X-Amz-Content-Sha256=UNSIGNED-PAYLOAD&X-Amz-Credential=ASIA47CRV2VXCATK4XLZ%2F20260728%2Fus-east-1%2Fs3%2Faws4_request&X-Amz-Date=20260728T130149Z&X-Amz-Expires=300&X-Amz-Security-Token=IQoJb3JpZ2luX2VjEJ3%2F%2F%2F%2F%2F%2F%2F%2F%2F%2FwEaCXVzLWVhc3QtMSJHMEUCIQCEoYGA3aAHsrZm3DB2yTk1MAj8P%2BRFx6mPbvLj%2BNrEdgIgGbeR9LCgtZ6zE8pmjeFWBzY4NxNH7BZ%2BTBNzGab7Fksq2wIIZhAAGgw4OTEzNzcwMTQxMjYiDNQSg%2BJJ4oSWlfBcySq4Ah2MfcwKksJPzzYiMSjIqrKY7YkEDtWJ7amuLSefdde6c9OExorY7mAXiJpbfSLOrgroLr1MBFsUulBcULnf0BvX1Vz0V04Rz902LfJFoV6j9%2Bz877IvEzhCWuBNZesTdU1FG4%2F3T3tadJJRPRPBKOYtSQ2FhHjHk1j0kTkxKiUAoupEC80Q4sOsYcKCYyyApJs7dgcVpI1rWLzYv0HDV7WgAtqpIsEFPP0tKlgNIjgPoJ6OyOBwSQEbL95Lm9ayK1bqHRrwNtlSl6vBVKXbWOO1DSo89QX%2BjXfn47HEjUje5BT16tVQqzQBVSidqacvPGImAQSogKNGr%2BELlHvpeBKELPUAXml6N848C4994%2FNvDkmuRRcCCrXp3p3jatayRBWPI%2B4JtJ9XonI2eeIcYUo30Swc56SjOzCTiKHTBjqtAp2vH3Weg3TpOB2zrWqcIzrBXcAK%2Fi49wrb2PbK3fyaYviKNVEtzmB2OYI9f8byqnyc%2FhphqIQEg1kl2agoPgy5aIJa7x5rtxXknQkNNTZuEtlanvRsyUJ4jJUE77FEmqpdQhIFaPQyQrYKLa6CmXCJxIYbjU2v5n6AT7oA8sUzov3sVHdGemox3poSddROWSUZsnrmbSBBQKh9lj10Rrx9m3Zr1ZKhxJxqA6QKBVfXdZp442gEyskdS1dFYqVIdhcsp09BzMSIPlTlJNCIh9wurQ79Eh2EofKWi7NGllsKu5BW0Mb1J9koqMX8aRO671e%2Fy1dIUQnJIJQtvwfA%2FOkGcLnTa1WAJemS5VSEm8j%2FWYu35WnAFmxboHqqYkLkUYlo6i45cfwd8AYbNdMY%3D&X-Amz-Signature=31b4729094ab9dd805b696b298f7ea5b4cb0bb370b82d5e9aed53a8693405dd0&X-Amz-SignedHeaders=host&response-content-disposition=inline,,,,,,,,,vehicle-counter-unprocessed-video/3 july/070/f00002.mp4,vehicle-counter-unprocessed-video/3 july/070/f00031.mp4
072,6/22/2026 11:11,https://rasta-vehicle-counter.s3.us-east-1.amazonaws.com/vehicle-counter-unprocessed-video/3%20july/072/f00202.mp4?X-Amz-Algorithm=AWS4-HMAC-SHA256&X-Amz-Content-Sha256=UNSIGNED-PAYLOAD&X-Amz-Credential=ASIA47CRV2VXCATK4XLZ%2F20260728%2Fus-east-1%2Fs3%2Faws4_request&X-Amz-Date=20260728T130706Z&X-Amz-Expires=300&X-Amz-Security-Token=IQoJb3JpZ2luX2VjEJ3%2F%2F%2F%2F%2F%2F%2F%2F%2F%2FwEaCXVzLWVhc3QtMSJHMEUCIQCEoYGA3aAHsrZm3DB2yTk1MAj8P%2BRFx6mPbvLj%2BNrEdgIgGbeR9LCgtZ6zE8pmjeFWBzY4NxNH7BZ%2BTBNzGab7Fksq2wIIZhAAGgw4OTEzNzcwMTQxMjYiDNQSg%2BJJ4oSWlfBcySq4Ah2MfcwKksJPzzYiMSjIqrKY7YkEDtWJ7amuLSefdde6c9OExorY7mAXiJpbfSLOrgroLr1MBFsUulBcULnf0BvX1Vz0V04Rz902LfJFoV6j9%2Bz877IvEzhCWuBNZesTdU1FG4%2F3T3tadJJRPRPBKOYtSQ2FhHjHk1j0kTkxKiUAoupEC80Q4sOsYcKCYyyApJs7dgcVpI1rWLzYv0HDV7WgAtqpIsEFPP0tKlgNIjgPoJ6OyOBwSQEbL95Lm9ayK1bqHRrwNtlSl6vBVKXbWOO1DSo89QX%2BjXfn47HEjUje5BT16tVQqzQBVSidqacvPGImAQSogKNGr%2BELlHvpeBKELPUAXml6N848C4994%2FNvDkmuRRcCCrXp3p3jatayRBWPI%2B4JtJ9XonI2eeIcYUo30Swc56SjOzCTiKHTBjqtAp2vH3Weg3TpOB2zrWqcIzrBXcAK%2Fi49wrb2PbK3fyaYviKNVEtzmB2OYI9f8byqnyc%2FhphqIQEg1kl2agoPgy5aIJa7x5rtxXknQkNNTZuEtlanvRsyUJ4jJUE77FEmqpdQhIFaPQyQrYKLa6CmXCJxIYbjU2v5n6AT7oA8sUzov3sVHdGemox3poSddROWSUZsnrmbSBBQKh9lj10Rrx9m3Zr1ZKhxJxqA6QKBVfXdZp442gEyskdS1dFYqVIdhcsp09BzMSIPlTlJNCIh9wurQ79Eh2EofKWi7NGllsKu5BW0Mb1J9koqMX8aRO671e%2Fy1dIUQnJIJQtvwfA%2FOkGcLnTa1WAJemS5VSEm8j%2FWYu35WnAFmxboHqqYkLkUYlo6i45cfwd8AYbNdMY%3D&X-Amz-Signature=b1460d7cb95fec3027364a607bf3550279a242a55d0b5f0d9c68494e511f1c4c&X-Amz-SignedHeaders=host&response-content-disposition=inline,https://rasta-vehicle-counter.s3.us-east-1.amazonaws.com/vehicle-counter-unprocessed-video/3%20july/072/f00216.mp4?X-Amz-Algorithm=AWS4-HMAC-SHA256&X-Amz-Content-Sha256=UNSIGNED-PAYLOAD&X-Amz-Credential=ASIA47CRV2VXP4O2Q4HH%2F20260728%2Fus-east-1%2Fs3%2Faws4_request&X-Amz-Date=20260728T131013Z&X-Amz-Expires=300&X-Amz-Security-Token=IQoJb3JpZ2luX2VjEJ7%2F%2F%2F%2F%2F%2F%2F%2F%2F%2FwEaCXVzLWVhc3QtMSJGMEQCIHOKGuWAw9NPA6pVw2HJaZ9yM4eCmBRIntXRSrKj2lE0AiB175QMMJfoh8dqfxt%2FsLQ9nuAzK%2FptPs3P2yAalPMDkirbAghmEAAaDDg5MTM3NzAxNDEyNiIMhQhTO8st8S41tV4YKrgCp0pHSzeoDEeMTk2ITEnZ5bcJrcX6uGsM9VKb8VQ9jvF67AVu9Vvj55UJ3u4z96tkNQ1vyu1Je%2BhtW8Cf8VO5fHp5POZKHL2sdXEpHpQUlFKf8oOib%2FIUQWTKa2FJ8DZqiZ9ghM9q%2FsR73XERD3pzglUwRlT3GxDc1LzxDY%2BPlu5k6GFGeEZPjGwG3rW%2BvVuv0hWPUBvaUFFzEcKi2CjCmy7LpznWmR%2Bw6XzsKQsVcwCXvIz%2FI24Tw0IRpyJ7IfxjVkfgwUc2cWbsjYE%2FxlxGQT4U1xmabduLbW00CAHtlSZP4hesGwc0OxPxM%2BgJEbmDuI9F75bNhdJqdYfdliE3SXXtSwWH8lRikpEdIkVDToyk05GiVpzX9Xt31%2FkfB9QBGbj0J2gs9SvRhqftm7KBcdzAlG4SSqKGMJOIodMGOq4C6RTR8csrPr1sW2ozXmflminwRX6ySv5VuzcF%2BraV8G%2Biz2X%2B%2BSZEjwVeEpVrGZ4nTJ66EiWR3QiBvSVzzh39ExGQbxR938kUD%2Bh23LhSBpqW2VcrcINTOh5p9sThJxSjHtrfj%2BtlWR2XZADj68WBi0iWLzMKhjOFODsA7mYzFRLT3Pu8OC1dm5Uqefb2GzHJxyk1aGGZM8USnZjR4icRzQQD4Zj8w4lsXC%2FqwptcrcW3xkW5WzA090p9xZJ3QMsJGsQ4GJjdl90Y5ku4Zmsr2Eo%2Fd10PJDPXbnj72BF%2F0SBj2AYnm25AA2F1wVapJIwGc20aa33ZCjYKSVPg%2Ff9khqZawJTOHllWbXTO6LwBp2LoPWVfw4bS3CNFwckK7fq%2Fy%2BvqQ6Lq%2F7Ibfs1jYT4%3D&X-Amz-Signature=aded857341d57edf0844df585f7c44130197aa9767d394e97833cf009f062a53&X-Amz-SignedHeaders=host&response-content-disposition=inline,,,,,,,,,vehicle-counter-unprocessed-video/3 july/072/f00002.mp4,vehicle-counter-unprocessed-video/3 july/072/f00220.mp4
084,6/20/2026 11:11,https://rasta-vehicle-counter.s3.us-east-1.amazonaws.com/vehicle-counter-unprocessed-video/3%20july/084/f00003.mp4?X-Amz-Algorithm=AWS4-HMAC-SHA256&X-Amz-Content-Sha256=UNSIGNED-PAYLOAD&X-Amz-Credential=ASIA47CRV2VXP4O2Q4HH%2F20260728%2Fus-east-1%2Fs3%2Faws4_request&X-Amz-Date=20260728T131524Z&X-Amz-Expires=300&X-Amz-Security-Token=IQoJb3JpZ2luX2VjEJ7%2F%2F%2F%2F%2F%2F%2F%2F%2F%2FwEaCXVzLWVhc3QtMSJGMEQCIHOKGuWAw9NPA6pVw2HJaZ9yM4eCmBRIntXRSrKj2lE0AiB175QMMJfoh8dqfxt%2FsLQ9nuAzK%2FptPs3P2yAalPMDkirbAghmEAAaDDg5MTM3NzAxNDEyNiIMhQhTO8st8S41tV4YKrgCp0pHSzeoDEeMTk2ITEnZ5bcJrcX6uGsM9VKb8VQ9jvF67AVu9Vvj55UJ3u4z96tkNQ1vyu1Je%2BhtW8Cf8VO5fHp5POZKHL2sdXEpHpQUlFKf8oOib%2FIUQWTKa2FJ8DZqiZ9ghM9q%2FsR73XERD3pzglUwRlT3GxDc1LzxDY%2BPlu5k6GFGeEZPjGwG3rW%2BvVuv0hWPUBvaUFFzEcKi2CjCmy7LpznWmR%2Bw6XzsKQsVcwCXvIz%2FI24Tw0IRpyJ7IfxjVkfgwUc2cWbsjYE%2FxlxGQT4U1xmabduLbW00CAHtlSZP4hesGwc0OxPxM%2BgJEbmDuI9F75bNhdJqdYfdliE3SXXtSwWH8lRikpEdIkVDToyk05GiVpzX9Xt31%2FkfB9QBGbj0J2gs9SvRhqftm7KBcdzAlG4SSqKGMJOIodMGOq4C6RTR8csrPr1sW2ozXmflminwRX6ySv5VuzcF%2BraV8G%2Biz2X%2B%2BSZEjwVeEpVrGZ4nTJ66EiWR3QiBvSVzzh39ExGQbxR938kUD%2Bh23LhSBpqW2VcrcINTOh5p9sThJxSjHtrfj%2BtlWR2XZADj68WBi0iWLzMKhjOFODsA7mYzFRLT3Pu8OC1dm5Uqefb2GzHJxyk1aGGZM8USnZjR4icRzQQD4Zj8w4lsXC%2FqwptcrcW3xkW5WzA090p9xZJ3QMsJGsQ4GJjdl90Y5ku4Zmsr2Eo%2Fd10PJDPXbnj72BF%2F0SBj2AYnm25AA2F1wVapJIwGc20aa33ZCjYKSVPg%2Ff9khqZawJTOHllWbXTO6LwBp2LoPWVfw4bS3CNFwckK7fq%2Fy%2BvqQ6Lq%2F7Ibfs1jYT4%3D&X-Amz-Signature=a4049e2b87ccca61a2a469ed953d134a3529ab89d6b20a33f359b5789b5ff1c3&X-Amz-SignedHeaders=host&response-content-disposition=inline,https://rasta-vehicle-counter.s3.us-east-1.amazonaws.com/vehicle-counter-unprocessed-video/3%20july/084/f00146.mp4?X-Amz-Algorithm=AWS4-HMAC-SHA256&X-Amz-Content-Sha256=UNSIGNED-PAYLOAD&X-Amz-Credential=ASIA47CRV2VXP4O2Q4HH%2F20260728%2Fus-east-1%2Fs3%2Faws4_request&X-Amz-Date=20260728T131845Z&X-Amz-Expires=300&X-Amz-Security-Token=IQoJb3JpZ2luX2VjEJ7%2F%2F%2F%2F%2F%2F%2F%2F%2F%2FwEaCXVzLWVhc3QtMSJGMEQCIHOKGuWAw9NPA6pVw2HJaZ9yM4eCmBRIntXRSrKj2lE0AiB175QMMJfoh8dqfxt%2FsLQ9nuAzK%2FptPs3P2yAalPMDkirbAghmEAAaDDg5MTM3NzAxNDEyNiIMhQhTO8st8S41tV4YKrgCp0pHSzeoDEeMTk2ITEnZ5bcJrcX6uGsM9VKb8VQ9jvF67AVu9Vvj55UJ3u4z96tkNQ1vyu1Je%2BhtW8Cf8VO5fHp5POZKHL2sdXEpHpQUlFKf8oOib%2FIUQWTKa2FJ8DZqiZ9ghM9q%2FsR73XERD3pzglUwRlT3GxDc1LzxDY%2BPlu5k6GFGeEZPjGwG3rW%2BvVuv0hWPUBvaUFFzEcKi2CjCmy7LpznWmR%2Bw6XzsKQsVcwCXvIz%2FI24Tw0IRpyJ7IfxjVkfgwUc2cWbsjYE%2FxlxGQT4U1xmabduLbW00CAHtlSZP4hesGwc0OxPxM%2BgJEbmDuI9F75bNhdJqdYfdliE3SXXtSwWH8lRikpEdIkVDToyk05GiVpzX9Xt31%2FkfB9QBGbj0J2gs9SvRhqftm7KBcdzAlG4SSqKGMJOIodMGOq4C6RTR8csrPr1sW2ozXmflminwRX6ySv5VuzcF%2BraV8G%2Biz2X%2B%2BSZEjwVeEpVrGZ4nTJ66EiWR3QiBvSVzzh39ExGQbxR938kUD%2Bh23LhSBpqW2VcrcINTOh5p9sThJxSjHtrfj%2BtlWR2XZADj68WBi0iWLzMKhjOFODsA7mYzFRLT3Pu8OC1dm5Uqefb2GzHJxyk1aGGZM8USnZjR4icRzQQD4Zj8w4lsXC%2FqwptcrcW3xkW5WzA090p9xZJ3QMsJGsQ4GJjdl90Y5ku4Zmsr2Eo%2Fd10PJDPXbnj72BF%2F0SBj2AYnm25AA2F1wVapJIwGc20aa33ZCjYKSVPg%2Ff9khqZawJTOHllWbXTO6LwBp2LoPWVfw4bS3CNFwckK7fq%2Fy%2BvqQ6Lq%2F7Ibfs1jYT4%3D&X-Amz-Signature=042e64df2f32fd594f52d65ea540d7027789c390255b4e5905306bc1943d1942&X-Amz-SignedHeaders=host&response-content-disposition=inline,,,,,,,,,vehicle-counter-unprocessed-video/3 july/084/f00003.mp4,vehicle-counter-unprocessed-video/3 july/084/f00199.mp4
086,6/20/2026 11:11,https://rasta-vehicle-counter.s3.us-east-1.amazonaws.com/vehicle-counter-unprocessed-video/3%20july/086/f00004.mp4?X-Amz-Algorithm=AWS4-HMAC-SHA256&X-Amz-Content-Sha256=UNSIGNED-PAYLOAD&X-Amz-Credential=ASIA47CRV2VXP4O2Q4HH%2F20260728%2Fus-east-1%2Fs3%2Faws4_request&X-Amz-Date=20260728T131940Z&X-Amz-Expires=300&X-Amz-Security-Token=IQoJb3JpZ2luX2VjEJ7%2F%2F%2F%2F%2F%2F%2F%2F%2F%2FwEaCXVzLWVhc3QtMSJGMEQCIHOKGuWAw9NPA6pVw2HJaZ9yM4eCmBRIntXRSrKj2lE0AiB175QMMJfoh8dqfxt%2FsLQ9nuAzK%2FptPs3P2yAalPMDkirbAghmEAAaDDg5MTM3NzAxNDEyNiIMhQhTO8st8S41tV4YKrgCp0pHSzeoDEeMTk2ITEnZ5bcJrcX6uGsM9VKb8VQ9jvF67AVu9Vvj55UJ3u4z96tkNQ1vyu1Je%2BhtW8Cf8VO5fHp5POZKHL2sdXEpHpQUlFKf8oOib%2FIUQWTKa2FJ8DZqiZ9ghM9q%2FsR73XERD3pzglUwRlT3GxDc1LzxDY%2BPlu5k6GFGeEZPjGwG3rW%2BvVuv0hWPUBvaUFFzEcKi2CjCmy7LpznWmR%2Bw6XzsKQsVcwCXvIz%2FI24Tw0IRpyJ7IfxjVkfgwUc2cWbsjYE%2FxlxGQT4U1xmabduLbW00CAHtlSZP4hesGwc0OxPxM%2BgJEbmDuI9F75bNhdJqdYfdliE3SXXtSwWH8lRikpEdIkVDToyk05GiVpzX9Xt31%2FkfB9QBGbj0J2gs9SvRhqftm7KBcdzAlG4SSqKGMJOIodMGOq4C6RTR8csrPr1sW2ozXmflminwRX6ySv5VuzcF%2BraV8G%2Biz2X%2B%2BSZEjwVeEpVrGZ4nTJ66EiWR3QiBvSVzzh39ExGQbxR938kUD%2Bh23LhSBpqW2VcrcINTOh5p9sThJxSjHtrfj%2BtlWR2XZADj68WBi0iWLzMKhjOFODsA7mYzFRLT3Pu8OC1dm5Uqefb2GzHJxyk1aGGZM8USnZjR4icRzQQD4Zj8w4lsXC%2FqwptcrcW3xkW5WzA090p9xZJ3QMsJGsQ4GJjdl90Y5ku4Zmsr2Eo%2Fd10PJDPXbnj72BF%2F0SBj2AYnm25AA2F1wVapJIwGc20aa33ZCjYKSVPg%2Ff9khqZawJTOHllWbXTO6LwBp2LoPWVfw4bS3CNFwckK7fq%2Fy%2BvqQ6Lq%2F7Ibfs1jYT4%3D&X-Amz-Signature=0eeab52cb44de3d1f30be57ebb495afab496886b754440fce282da717e673a58&X-Amz-SignedHeaders=host&response-content-disposition=inline,https://rasta-vehicle-counter.s3.us-east-1.amazonaws.com/vehicle-counter-unprocessed-video/3%20july/086/f00182.mp4?X-Amz-Algorithm=AWS4-HMAC-SHA256&X-Amz-Content-Sha256=UNSIGNED-PAYLOAD&X-Amz-Credential=ASIA47CRV2VXB5JJ4MSQ%2F20260728%2Fus-east-1%2Fs3%2Faws4_request&X-Amz-Date=20260728T132126Z&X-Amz-Expires=300&X-Amz-Security-Token=IQoJb3JpZ2luX2VjEJ7%2F%2F%2F%2F%2F%2F%2F%2F%2F%2FwEaCXVzLWVhc3QtMSJGMEQCIAj%2BVTqN%2BTXIcYrBXpMZvI3ORYVpJ8MIKXBAve1pQN8MAiB%2FbgAW1x4OjBTJOeDi%2FlnPvn3ZLVRl1a8R188VUjIolirbAghmEAAaDDg5MTM3NzAxNDEyNiIM6Jj49npKLDkLLTBBKrgCVwwHqYqre6ueTvhLAfVEtzGHf3WB8qyqJrkpDFuxygANG1UAfBtXmvhFb7cFwqo3q7sgk3NwJ3K%2FWh2zvyyBIlixKjcgtcSdlrfjZDScSuRJubYghtKi%2FiVYWO9NfhCaeDssHOF07ib%2BevGeMDENYtdiZCjpkqzrGkQXEazTvCpVzVdV9XRP3Cg3SXBsZwVB8xL6IfoYtmrqgpXDKqiLvaANNUf6Cn1IA%2BJVDpHRk1Obh%2FXxbezT5VLF8%2F9C2WXNw0C7Zj87HxWgOi6bhH3W3irZGuDVtf0ZO76bpuF7d3a%2F525HmaLVAakcKJVr7Af6ouer1A6%2FwVsBsyFteo2kWVfvSWnYMMbZXShS2qCVIBCZmznNb2Ii%2FdmzwJmp0i5yHduat18NcditiRlap306HDODN8%2FYS1VbMJOIodMGOq4Cw3XGJWJ7mL7DF6r9KRcli1PG2PpiYy6TTQooTeUMGf4O0Zdm2129RSR6wY9RZUjOtIQmy%2By6VM4zjGLKrtrqW4lp7f4sIU6bsvYFjzow0p%2B%2B0AlycaN7ZG9DCf5EBxo8RlO4xZyH9IpgjR5UXmwgVklnvtl0wFpJNi7RC71fTvCmbyyCvRlnhW9LnP86ZNoadEuA1TU8u5GFpfVT2zKOdVxhCjbw9xkaoqRuFlBJGCVl5o1zE%2F8F8k5JILGgBd9zrg1bc93%2F4tKHQjcpte4IXZTs6v25v4XacD3yNZohdhxn2h5tX0noBVMVG4OB4mDM6MQ%2FYpECaW%2FFReqGF5E9BmuDrr54dIsZiXFgthdjTrRFQCSrpWyfTAMGyowt4vbHdWmiuoHGfsBiScV5BuY%3D&X-Amz-Signature=9acabda41c1f5009729f19fd6f18389747fce502db0ced4efca25d541d188592&X-Amz-SignedHeaders=host&response-content-disposition=inline,,,,,,,,,vehicle-counter-unprocessed-video/3 july/086/f00004.mp4,vehicle-counter-unprocessed-video/3 july/086/f00205.mp4
091,6/24/2026 11:11,,,,,,,,,,,vehicle-counter-unprocessed-video/3 july/091/f00002.mp4,vehicle-counter-unprocessed-video/3 july/091/f00189.mp4
094,installation date not matched year 2025 in videos,,,,,,,,,,,vehicle-counter-unprocessed-video/3 july/094/f00002.mp4,vehicle-counter-unprocessed-video/3 july/094/f00077.mp4
098,installation date not matched showing date 2025/11/10,,,,,,,,,,,vehicle-counter-unprocessed-video/3 july/098/f00005.mp4,vehicle-counter-unprocessed-video/3 july/098/f00140.mp4
113,installation date not matched 2025/11/10,,,,,,,,,,,vehicle-counter-unprocessed-video/3 july/113/f00050.mp4,vehicle-counter-unprocessed-video/3 july/113/f00003.mp4
114,6/26/2026 12:29,,,,,,,,,,,vehicle-counter-unprocessed-video/3 july/114/f00003.mp4,vehicle-counter-unprocessed-video/3 july/114/f00097.mp4
119,6/30/2026 8:18,,,,,,,,,,,vehicle-counter-unprocessed-video/3 july/119/f00044.mp4,vehicle-counter-unprocessed-video/3 july/119/f00134.mp4
,,,,,,,,,6-Jul,,,,
004,6/23/2026 11:11,,,,,,,,,,,vehicle-counter-unprocessed-video/6 july/004/f00264.mp4,vehicle-counter-unprocessed-video/6 july/004/f00191.mp4
007,6/24/2026 11:11,,,,,,,,,,,vehicle-counter-unprocessed-video/6 july/007/f00399.mp4,vehicle-counter-unprocessed-video/6 july/007/f00004.mp4
009,6/23/2026 11:11,,,,,,,,,,,vehicle-counter-unprocessed-video/6 july/009/f00004.mp4,vehicle-counter-unprocessed-video/6 july/009/f00032.mp4
010,7/5/2026 10:23,,,,,,,,,,,vehicle-counter-unprocessed-video/6 july/010/f00248.mp4,vehicle-counter-unprocessed-video/6 july/010/f00002.mp4
011,6/24/2026 11:11,,,,,,,,,,,vehicle-counter-unprocessed-video/6 july/011/f00003.mp4,vehicle-counter-unprocessed-video/6 july/011/f00188.mp4
016,6/26/2026 22:31,,,,,,,,,,,vehicle-counter-unprocessed-video/6 july/016/f00216.mp4,vehicle-counter-unprocessed-video/6 july/016/f00183.mp4
017,6/24/2026 11:11,,,,,,,,,,,vehicle-counter-unprocessed-video/6 july/017/f00266.mp4,vehicle-counter-unprocessed-video/6 july/017/f00003.mp4
018,6/23/2026 11:11,,,,,,,,,,,vehicle-counter-unprocessed-video/6 july/018/f00064.mp4,vehicle-counter-unprocessed-video/6 july/018/f00003.mp4
039,6/19/2026 11:11,,,,,,,,,,,vehicle-counter-unprocessed-video/6 july/039/f00174.mp4,vehicle-counter-unprocessed-video/6 july/039/f00188.mp4
041,6/23/2026 11:11,,,,,,,,,,,vehicle-counter-unprocessed-video/6 july/041/f00024.mp4,vehicle-counter-unprocessed-video/6 july/041/f00002.mp4
044,6/24/2026 11:11,,,,,,,,,,,vehicle-counter-unprocessed-video/6 july/044/f00007.mp4,vehicle-counter-unprocessed-video/6 july/044/f00013.mp4
045,7/1/2026 12:19,,,,,,,,,,,vehicle-counter-unprocessed-video/6 july/045/f00002.mp4,vehicle-counter-unprocessed-video/6 july/045/f00039.mp4
050,6/24/2026 11:11,,,,,,,,,,,vehicle-counter-unprocessed-video/6 july/050/f00219.mp4,vehicle-counter-unprocessed-video/6 july/050/f00031.mp4
052,installtion date videos not found,,,,,,,,,,,,
054,6/24/2026 11:11,,,,,,,,,,,vehicle-counter-unprocessed-video/6 july/054/f00002.mp4,vehicle-counter-unprocessed-video/6 july/054/f00093.mp4
057,6/23/2026 11:11,,,,,,,,,,,vehicle-counter-unprocessed-video/6 july/057/f00067.mp4,vehicle-counter-unprocessed-video/6 july/057/f00003.mp4
058,6/23/2026 11:11,,,,,,,,,,,vehicle-counter-unprocessed-video/6 july/058/f00223.mp4,vehicle-counter-unprocessed-video/6 july/058/f00005.mp4
063,6/19/2026 11:11,,,,,,,,,,,vehicle-counter-unprocessed-video/6 july/063/f00067.mp4,vehicle-counter-unprocessed-video/6 july/063/f00047.mp4
066,6/28/2026 16:03,,,,,,,,,,,vehicle-counter-unprocessed-video/6 july/066/f00192.mp4,vehicle-counter-unprocessed-video/6 july/066/f00207.mp4
085,6/18/2026 11:11,,,,,,,,,,,vehicle-counter-unprocessed-video/6 july/085/f00037.mp4,vehicle-counter-unprocessed-video/6 july/085/f00054.mp4
086,6/20/2026 11:11,,,,,,,,,,,vehicle-counter-unprocessed-video/6 july/086/f00003.mp4,vehicle-counter-unprocessed-video/6 july/086/f00115.mp4
092,6/25/2026 17:10,,,,,,,,,,,vehicle-counter-unprocessed-video/6 july/092/f00045.mp4,vehicle-counter-unprocessed-video/6 july/092/f00032.mp4
093,6/27/2026 15:52,,,,,,,,,,,vehicle-counter-unprocessed-video/6 july/093/f00004.mp4,vehicle-counter-unprocessed-video/6 july/093/f00146.mp4
095," 
 	
20/06/2026 11:11:1",,,,,,,,,,,vehicle-counter-unprocessed-video/6 july/095/f00003.mp4,vehicle-counter-unprocessed-video/6 july/095/f00028.mp4
096,,,,,,,,,,,,,vehicle-counter-unprocessed-video/6 july/096/f00004.mp4
,,,,,,,,,,,,,
,,,,,,,,,,,,,
,,,,,,,,,,,,,
,,,,,,,,,,,,,
,,,,,,,,,,,,,
,,,,,,,,,,,,,
,,,,,,,,,,,,,
,,,,,,,,,,,,,
,,,,,,,,,,,,,
,,,,,,,,,,,,,
,,,,,,,,,,,,,
,,,,,,,,,,,,,
,,,,,,,,,,,,,
,,,,,,,,,,,,,
,,,,,,,,,,,,,
,,,,,,,,,,,,,
,,,,,,,,,,,,,
,,,,,,,,,,,,,
,,,,,,,,,,,,,
,,,,,,,,,,,,,
,,,,,,,,,,,,,
,,,,,,,,,,,,,
,,,,,,,,,,,,,
,,,,,,,,,,,,,
,,,,,,,,,,,,,
,,,,,,,,,,,,,
,,,,,,,,,,,,,
,,,,,,,,,,,,,
,,,,,,,,,,,,,
,,,,,,,,,,,,,
,,,,,,,,,,,,,
,,,,,,,,,,,,,
,,,,,,,,,,,,,
,,,,,,,,,,,,,
,,,,,,,,,,,,,
,,,,,,,,,,,,,
,,,,,,,,,,,,,
,,,,,,,,,7-Jul,,,,
001,1/7/2026 10:14,,,,,,,,,,,vehicle-counter-unprocessed-video/7 july/001/f00000.mp4,vehicle-counter-unprocessed-video/7 july/001/f00015.mp4
022,29/06/2026 23:57:32,,,,,,,,,,,vehicle-counter-unprocessed-video/7 july/022/f00003.mp4,vehicle-counter-unprocessed-video/7 july/022/f00054.mp4
031,28/06/2026 18:37:42,,,,,,,,,,,vehicle-counter-unprocessed-video/7 july/031/f00000.mp4,vehicle-counter-unprocessed-video/7 july/031/f00007.mp4
035,28/06/2026 13:19:04,,,,,,,,,,,vehicle-counter-unprocessed-video/7 july/035/f00000.mp4,vehicle-counter-unprocessed-video/7 july/035/f00007.mp4
048,24/06/2026 11:11:11,,,,,,,,,,,vehicle-counter-unprocessed-video/7 july/048/f00041.mp4,vehicle-counter-unprocessed-video/7 july/048/f00030.mp4
060,29/06/2026 14:55:40,,,,,,,,,,,vehicle-counter-unprocessed-video/7 july/060/f00006.mp4,vehicle-counter-unprocessed-video/7 july/060/f00011.mp4
074,30/06/2026 09:27:30,,,,,,,,,,,vehicle-counter-unprocessed-video/7 july/074/f00021.mp4,
078,30/06/2026 09:33:53,,,,,,,,,,,vehicle-counter-unprocessed-video/7 july/078/f00022.mp4,vehicle-counter-unprocessed-video/7 july/078/f00031.mp4
082,28/06/2026 21:32:32,,,,,,,,,,,vehicle-counter-unprocessed-video/7 july/082/f00005.mp4,
101,29/06/2026 23:22:19,,,,,,,,,,,vehicle-counter-unprocessed-video/7 july/101/f00001.mp4,vehicle-counter-unprocessed-video/7 july/101/f00012.mp4
110,25/06/2026 11:11:11,,,,,,,,,,,vehicle-counter-unprocessed-video/7 july/110/f00002.mp4,vehicle-counter-unprocessed-video/7 july/110/f00011.mp4
115,25/06/2026 11:11:11,,,,,,,,,,,vehicle-counter-unprocessed-video/7 july/115/f00011.mp4,vehicle-counter-unprocessed-video/7 july/115/f00002.mp4
116,25/06/2026 11:11:11,,,,,,,,,,,vehicle-counter-unprocessed-video/7 july/116/f00001.mp4,vehicle-counter-unprocessed-video/7 july/116/f00038.mp4
118,,,,,,,,,,,,vehicle-counter-unprocessed-video/7 july/118/f00025.mp4,vehicle-counter-unprocessed-video/7 july/118/f00004.mp4
